ticker,name,sector,year_filed,filing_date,sample_source,bankruptcy_filing,bankrupt,total_assets,total_liabilities,current_assets,current_liabilities,retained_earnings,revenue,net_income,ebit,interest_expense,stockholders_equity,long_term_debt,source_filing_end,source_filing_filed,source_filing_form,debt_to_equity,current_ratio,return_on_assets,interest_coverage,net_margin,market_cap,price,beta,pe_ratio,week52_high,week52_low,analyst_rating,shares_outstanding,company_size,z_x1,z_x2,z_x3,z_x4,z_x5,z_score,z_zone,flag_leverage,flag_neg_margin,flag_low_liquidity,flag_asset_bloat,flag_interest_strain,fraud_risk_score,fraud_risk_label
SHLDQ,Sears Holdings,Consumer Discretionary,2018.0,2018-10-15,manual,1,1,7262000000.0,10985000000.0,3812000000.0,4915000000.0,-5895000000.0,,-383000000.0,-430000000.0,539000000.0,-3723000000.0,3217000000.0,2018-02-03,2018-03-23,10-K,-2.9505774912704807,0.7755849440488302,-0.0527402919305976,-0.7977736549165121,,,,,,,,,,Mid,-0.15188653263563756,-0.8117598457725145,-0.05921233819884329,-0.338916704597178,,,Unknown,0,0,1,0,1,2,Medium
RSHCQ,RadioShack,Consumer Discretionary,2015.0,2015-02-05,manual,1,1,1591200000.0,1384800000.0,1333000000.0,584600000.0,960600000.0,,-400200000.0,-344000000.0,52300000.0,206400000.0,614100000.0,2013-12-31,2014-12-12,10-K/A,6.709302325581396,2.2801915839890525,-0.2515082956259427,-6.577437858508604,,,,,,,,,,Mid,0.47033685268979386,0.6036953242835595,-0.2161890397184515,0.14904679376083188,,,Unknown,1,0,0,0,1,2,Medium
AERAQ,American Airlines (old),Industrials,2011.0,2011-11-29,manual,1,1,25088000000.0,,6838000000.0,8780000000.0,-5607000000.0,,-471000000.0,308000000.0,823000000.0,-3945000000.0,,2010-12-31,2011-02-16,10-K,,0.7788154897494305,-0.0187739158163265,0.3742405832320777,,,,,,,,,,Large,-0.07740752551020408,-0.22349330357142858,0.012276785714285714,,,,Unknown,0,0,1,0,1,2,Medium
PCG,PG&E Corp,Utilities,2019.0,2019-01-29,manual,1,1,68012000000.0,,6281000000.0,7129000000.0,6596000000.0,17135000000.0,1220000000.0,2956000000.0,888000000.0,19220000000.0,350000000.0,2017-12-31,2018-02-09,10-K,,0.8810492355169028,0.017938010939246,3.328828828828829,0.0711992996790195,,,,,,,,,Large,-0.012468387931541492,0.09698288537316944,0.043462918308533785,,0.2519408339704758,,Unknown,0,0,1,1,0,2,Medium
HTZGQ,Hertz Global Holdings,Industrials,2020.0,2020-05-22,manual,1,1,24627000000.0,22739000000.0,,,-967000000.0,9779000000.0,-58000000.0,,,1769000000.0,,2019-12-31,2020-02-25,10-K,12.85415488976823,,-0.0023551386689405,,-0.0059310767972185,,,,,,,,,Large,,-0.03926584642871645,,0.0777958573376138,0.39708450075120805,,Unknown,1,1,0,0,0,2,Medium
JCPNQ,J. C. Penney Company,Consumer Discretionary,2020.0,2020-05-15,manual,1,1,7989000000.0,7160000000.0,2726000000.0,1932000000.0,-3667000000.0,10716000000.0,-268000000.0,-8000000.0,293000000.0,829000000.0,4602000000.0,2020-02-01,2020-03-20,10-K,8.636911942098914,1.4109730848861284,-0.0335461259231443,-0.0273037542662116,-0.0250093318402388,,,,,,,,,Mid,0.09938665665289774,-0.459006133433471,-0.0010013768932281887,0.11578212290502793,1.341344348479159,0.8842,Distress,1,1,0,0,1,3,Medium
CHKAQ,Chesapeake Energy,Energy,2020.0,2020-06-28,manual,1,1,16193000000.0,,1251000000.0,2392000000.0,-14220000000.0,8595000000.0,-308000000.0,-31000000.0,651000000.0,4364000000.0,11535000000.0,2019-12-31,2020-02-27,10-K,,0.5229933110367893,-0.0190205644414253,-0.0476190476190476,-0.0358347876672484,,,,,,,,,Large,-0.07046254554437102,-0.8781572284320386,-0.0019144074600135862,,0.5307849070586056,,Unknown,0,1,1,0,1,3,Medium
WLL,Whiting Petroleum,Energy,2020.0,2020-04-01,manual,1,1,7636721000.0,3611750000.0,330983000.0,550414000.0,-2385112000.0,2050798000.0,-2219182000.0,12669000.0,191047000.0,4024971000.0,2792321000.0,2019-12-31,2020-02-27,10-K,0.8973356578221309,0.6013346317499192,-0.2905935675795933,0.0663135249441237,-1.082106575099059,,,,,,,,,Mid,-0.02873366723754868,-0.31232147933648485,0.0016589580789975174,1.1144101889665674,0.26854431371789017,0.4709,Distress,0,1,1,1,1,4,High
DOFSQ,Diamond Offshore Drilling,Energy,2020.0,2020-04-26,manual,1,1,5834044000.0,2601834000.0,476795000.0,302594000.0,1412201000.0,232522000.0,-357214000.0,-282330000.0,122832000.0,3232210000.0,1994773000.0,2019-12-31,2020-02-18,10-K/A,0.8049705928760816,1.575692181603072,-0.0612292262451225,-2.2985052754982416,-1.5362589346384428,,,,,,,,,Mid,0.02985939084449826,0.24206210991895158,-0.048393532856454285,1.2422814061158398,0.03985605867902265,1.0002,Distress,0,1,0,1,1,3,Medium
BTU,Peabody Energy,Energy,2016.0,2016-04-13,manual,1,1,11021300000.0,10102800000.0,1378000000.0,7392300000.0,503400000.0,5609200000.0,-1996000000.0,-1464800000.0,465400000.0,916900000.0,,2015-12-31,2016-03-16,10-K,11.018431671938052,0.1864101835693897,-0.1811038625207552,-3.147400085947572,-0.3558439706196962,,,,,,,,,Large,-0.5456978759311515,0.045675192581637374,-0.13290628147314745,0.09075701785643583,0.5089417763784672,-0.4661,Distress,1,1,1,0,1,4,High
ARCH,Arch Coal,Energy,2016.0,2016-01-11,manual,1,1,8429723000.0,6761569000.0,1542751000.0,519394000.0,-1331825000.0,800000000.0,-558353000.0,-149531000.0,390946000.0,1668154000.0,,2014-12-31,2015-02-27,10-K,4.053324213471898,2.9702903768622666,-0.0662362215223442,-0.382485049086063,-0.69794125,,,,,,,,,Mid,0.12139865094025035,-0.15799154966301976,-0.017738542535739314,0.24671108140728876,0.09490228801112445,0.1089,Distress,1,1,0,1,1,4,High
SUNEQ,SunEdison,Energy,2016.0,2016-04-21,manual,1,1,11499800000.0,10015200000.0,2788000000.0,3145100000.0,-1348400000.0,1794600000.0,-1180400000.0,-536800000.0,410000000.0,232900000.0,10400000.0,2014-12-31,2015-03-02,10-K,43.00214684413911,0.8864583002130297,-0.1026452633958851,-1.3092682926829269,-0.657751030870389,,,,,,,,,Large,-0.031052713960242787,-0.11725421311674986,-0.04667907267952486,0.023254652927550124,0.1560548879110941,-0.1855,Distress,1,1,1,1,1,5,High
CZR,Caesars Entertainment Operating Co,Consumer Discretionary,2015.0,2015-01-15,manual,1,1,24688900000.0,26592700000.0,3770300000.0,2530800000.0,-10320700000.0,,-2948200000.0,-2234600000.0,2253000000.0,-3122000000.0,21115500000.0,2013-12-31,2014-03-17,10-K,-8.517841127482383,1.489766081871345,-0.1194139876624718,-0.9918331114070128,,,,,,,,,,Large,0.05020474788265172,-0.4180299648830041,-0.0905103103013905,-0.11740064002527009,,,Unknown,0,0,0,0,1,1,Low
EFH,Energy Future Holdings,Utilities,2014.0,2014-04-29,manual,1,1,40970000000.0,51893000000.0,5513000000.0,5268000000.0,-18939000000.0,5636000000.0,-1913000000.0,,3508000000.0,-11025000000.0,,2012-12-31,2013-02-19,10-K,-4.706848072562359,1.0465072133637054,-0.0466927019770563,,-0.3394251242015614,,,,,,,,,Large,0.005979985355137905,-0.4622650720039053,,-0.21245640067061067,0.1375640712716622,,Unknown,0,1,0,1,0,2,Medium
IHRTQ,iHeartMedia,Communication Services,2018.0,2018-03-14,manual,1,1,12862247000.0,,2504687000.0,1696570000.0,-12733329000.0,6273573000.0,-296318000.0,1504691000.0,1849982000.0,-10606681000.0,20364988000.0,2016-12-31,2017-02-23,10-K,,1.476323994883795,-0.0230378098010402,0.813354400204975,-0.0472327332446757,,,,,,,,,Large,0.0628286021874716,-0.9899770234547665,0.11698508044511974,,0.48775093496494043,,Unknown,0,1,0,0,1,2,Medium
FTRCQ,Frontier Communications,Communication Services,2020.0,2020-04-14,manual,1,1,17488000000.0,,3037000000.0,2804000000.0,-8573000000.0,8107000000.0,-5911000000.0,-4873000000.0,1535000000.0,-4394000000.0,,2019-12-31,2020-03-31,10-K,,1.0830955777460771,-0.3380032021957914,-3.1745928338762215,-0.7291229801406193,,,,,,,,,Large,0.013323421774931381,-0.49022186642268983,-0.27864821591948763,,0.4635750228728271,,Unknown,0,1,0,0,1,2,Medium
WINMQ,Windstream Holdings,Communication Services,2019.0,2019-02-25,manual,1,1,11084300000.0,12383200000.0,932500000.0,1543400000.0,-2512200000.0,4919600000.0,-2116600000.0,-1593500000.0,875400000.0,-1298900000.0,5843900000.0,2017-12-31,2018-02-28,10-K,-9.533605358380168,0.6041855643384735,-0.1909547738693467,-1.820310715101668,-0.4302382307504675,,,,,,,,,Large,-0.05511399005800998,-0.22664489412953456,-0.14376189745856752,-0.10489211189353317,0.4438349737917595,-0.477,Distress,0,1,1,0,1,3,Medium
MNK,Mallinckrodt,Healthcare,2020.0,2020-10-12,manual,1,1,10338900000.0,8398200000.0,1830700000.0,1426900000.0,-2016900000.0,,-996500000.0,-1822200000.0,309000000.0,1940700000.0,,2019-12-27,2020-02-26,10-K,4.327407636419848,1.282991099586516,-0.0963835611138515,-5.8970873786407765,,,,,,,,,,Large,0.03905637930534196,-0.1950787801410208,-0.17624698952499782,0.2310852325498321,,,Unknown,1,0,0,0,1,2,Medium
INTEQ,Intelsat,Communication Services,2020.0,2020-05-13,manual,1,1,11804382000.0,,1173537000.0,690801000.0,-7503830000.0,,-913595000.0,388596000.0,,-4999858000.0,14465483000.0,2019-12-31,2020-02-20,10-K,,1.69880616849136,-0.0773945641542268,,,,,,,,,,,Large,0.04089464403981505,-0.6356817324278391,0.03291963950336409,,,,Unknown,0,0,0,0,0,0,Low
GNC,GNC Holdings,Consumer Staples,2020.0,2020-06-23,manual,1,1,1650587000.0,1646455000.0,639761000.0,560825000.0,518605000.0,2613154000.0,-35112000.0,124743000.0,,-207263000.0,1342378000.0,2019-12-31,2020-03-25,10-K,-7.943796046568852,1.1407497882583693,-0.0212724321711003,,-0.013436636340606,,,,,,,,,Mid,0.04782298661021806,0.3141942836094068,0.07557493182728327,-0.12588440012025837,1.5831664735030628,2.2543,Grey,0,1,0,0,0,1,Low
REV,Revlon,Consumer Staples,2022.0,2022-06-15,manual,1,1,2432500000.0,,1039600000.0,787600000.0,-2838600000.0,2564500000.0,-206900000.0,103200000.0,176600000.0,-2014100000.0,3442700000.0,2021-12-31,2022-03-03,10-K,,1.3199593702386998,-0.0850565262076053,0.5843714609286523,-0.0806784948333008,,,,,,,,,Mid,0.10359712230215827,-1.1669475847893114,0.04242548818088387,,1.0542651593011305,,Unknown,0,1,0,0,1,2,Medium
BBBYQ,Bed Bath & Beyond,Consumer Discretionary,2023.0,2023-04-23,manual,1,1,5130572000.0,4956427000.0,2363154000.0,2074787000.0,9666091000.0,12349301000.0,-559623000.0,-407578000.0,,174145000.0,1195000000.0,2022-02-26,2022-04-21,10-K,28.46149473140199,1.1389863152217552,-0.1090761419974225,,-0.0453161680972874,,,,,,,,,Mid,0.056205623856365336,1.884018195242168,-0.07944104478019215,0.035135189119097285,2.407002766942945,4.871,Safe,1,1,0,0,0,2,Medium
SIVBQ,SVB Financial Group,Financials,2023.0,2023-03-17,manual,1,1,211793000000.0,195498000000.0,,,8951000000.0,,171902000.0,,1188000000.0,16004000000.0,5370000000.0,2022-12-31,2023-02-24,10-K,12.215571107223196,,0.0008116509988526,,,,,,,,,,,Large,,0.04226296430949087,,0.08186273005350439,,,Unknown,1,0,0,0,0,1,Low
RIDEQ,Lordstown Motors,Consumer Discretionary,2023.0,2023-06-27,manual,1,1,452312000.0,70280000.0,255875000.0,68834000.0,-827213000.0,,-282404000.0,-387304000.0,703000.0,351771000.0,,2022-12-31,2023-03-06,10-K,0.199789067319364,3.7172763459918063,-0.6243566387803109,-550.9302987197724,,,,,,,,,,Small,0.4135220821026194,-1.8288548612462194,-0.8562761987300801,5.005278884462151,,,Unknown,0,0,0,0,1,1,Low
SDCCQ,SmileDirectClub,Healthcare,2023.0,2023-09-29,manual,1,1,597063000.0,982261000.0,297419000.0,116800000.0,-381725000.0,470743000.0,-86404000.0,-262113000.0,,,412511000.0,2022-12-31,2023-02-28,10-K,,2.5463955479452056,-0.1447150468208547,,-0.1835481356069022,,,,,,,,,Small,0.3025124651837411,-0.6393378923162213,-0.4390039242090031,,0.7884310365907785,,Unknown,0,1,0,0,0,1,Low
WEWKQ,WeWork,Real Estate,2023.0,2023-11-06,manual,1,1,17863000000.0,21318000000.0,689000000.0,2230000000.0,-16177000000.0,3245000000.0,-2034000000.0,-1591000000.0,516000000.0,-3670000000.0,,2022-12-31,2023-03-29,10-K,-5.808719346049046,0.3089686098654708,-0.1138666517382298,-3.0833333333333335,-0.6268104776579353,,,,,,,,,Large,-0.0862677041930247,-0.9056149582936797,-0.08906678609416112,-0.17215498639647248,0.18166041538375413,-1.5869,Distress,0,1,1,1,1,4,High
RAD,Rite Aid,Consumer Staples,2023.0,2023-10-15,manual,1,1,7527362000.0,8169138000.0,3301047000.0,2727875000.0,-6601517000.0,24091899000.0,-749936000.0,,224399000.0,-641776000.0,3889738000.0,2023-03-04,2023-05-01,10-K,-12.728955274114332,1.2101166659029463,-0.0996279971655408,,-0.0311281397950406,,,,,,,,,Mid,0.07614513557339211,-0.8770027268517178,,-0.07856104279300949,3.2005766429195246,,Unknown,0,1,0,0,0,1,Low
YELLQ,Yellow Corp,Industrials,2023.0,2023-08-06,manual,1,1,2279300000.0,,914100000.0,717000000.0,-2453200000.0,0.0,21800000.0,197800000.0,162900000.0,-381500000.0,1538000000.0,2022-12-31,2023-02-09,10-K,,1.2748953974895398,0.0095643399289255,1.2142418661755678,,,,,,,,,,Mid,0.08647391743079015,-1.0762953538367042,0.08678102926337034,,0.0,,Unknown,0,0,0,0,1,1,Low
VORBQ,Virgin Orbit,Industrials,2023.0,2023-04-04,manual,1,1,331740000.0,118770000.0,238778000.0,47958000.0,-820454000.0,,-157291000.0,-171362000.0,24000.0,212970000.0,,2021-12-31,2022-03-31,10-K,0.5576841808705452,4.978898202593936,-0.4741393862663531,-7140.083333333333,,,,,,,,,,Small,0.5752095014167722,-2.4731838186531623,-0.5165551335383132,1.7931295781763072,,,Unknown,0,0,0,0,1,1,Low
PRTYQ,Party City Holdco,Consumer Discretionary,2023.0,2023-01-17,manual,1,1,2711900000.0,2629186000.0,698483000.0,570059000.0,-571985000.0,2171060000.0,-6528000.0,84632000.0,87226000.0,82714000.0,1352562000.0,2021-12-31,2022-02-28,10-K,31.786469037889596,1.2252819445004814,-0.0024071684059146,0.9702611606631052,-0.0030068261586506,,,,,,,,,Mid,0.04735572845606401,-0.21091670046830635,0.031207640399719752,0.03145992714094781,0.8005678675467385,0.684,Distress,1,1,0,0,1,3,Medium
TUP,Tupperware Brands,Consumer Staples,2024.0,2024-09-17,manual,1,1,743600000.0,1173400000.0,431600000.0,1001900000.0,887300000.0,0.0,-232500000.0,23600000.0,40700000.0,-429800000.0,617800000.0,2022-12-31,2023-10-13,10-K,-2.7301070265239646,0.4307815151212696,-0.3126681011296396,0.5798525798525799,,,,,,,,,,Small,-0.7669445938676708,1.193249058633674,0.03173749327595481,-0.36628600647690474,0.0,0.6352,Distress,0,0,1,0,1,2,Medium
EXPRQ,Express,Consumer Discretionary,2024.0,2024-04-22,manual,1,1,1398325000.0,1090756000.0,534404000.0,541590000.0,355736000.0,,293834000.0,-67487000.0,2242000.0,307569000.0,122000000.0,2023-01-28,2023-03-31,10-K,3.5463782110680855,0.9867316604811758,0.2101328375020113,-30.101248884924175,,,,,,,,,,Mid,-0.0051390055959809056,0.2544015160996192,-0.048262742924570466,0.2819778208875312,,,Unknown,1,0,1,0,1,3,Medium
FSRN,Fisker,Consumer Discretionary,2024.0,2024-06-17,manual,1,1,1831687000.0,1929769000.0,924154000.0,902629000.0,-2106688000.0,272883000.0,-939947000.0,-602455000.0,,-98082000.0,1032000000.0,2023-12-31,2024-04-23,10-K,-19.675057604861237,1.0238470069098156,-0.5131591805805249,,-3.4445055206810244,,,,,,,,,Mid,0.011751461903698612,-1.150135367014124,-0.32890717682660847,-0.05082577241110205,0.14897905591948843,-2.563,Distress,0,1,0,1,0,2,Medium
NVTAQ,Invitae,Healthcare,2024.0,2024-02-13,manual,1,1,1954116000.0,1852280000.0,693130000.0,108093000.0,-4829141000.0,68221000.0,-3106293000.0,-3118410000.0,56747000.0,101836000.0,39084000.0,2022-12-31,2023-02-28,10-K,18.188852665069327,6.412348625720444,-1.5896154578336188,-54.95286094419088,-45.53279781885343,,,,,,,,,Mid,0.2993870374123133,-2.471266291253948,-1.5958162156187248,0.05497872891787419,0.03491143821554094,-8.2988,Distress,1,1,0,1,1,4,High
CANOQ,Cano Health,Healthcare,2024.0,2024-02-04,manual,1,1,1928927000.0,1434652000.0,340748000.0,208438000.0,-286032000.0,1609369000.0,-207272000.0,-436800000.0,62495000.0,252631000.0,1021988000.0,2022-12-31,2023-03-15,10-K,5.678843847350484,1.634769092008175,-0.1074545589335418,-6.989359148731898,-0.1287908490843305,,,,,,,,,Mid,0.06859253875341058,-0.14828554942722041,-0.22644713874604896,0.17609218123977105,0.8343338031973216,0.0674,Distress,1,1,0,0,1,3,Medium
AUDAQ,Audacy,Communication Services,2024.0,2024-01-07,manual,1,1,3284893000.0,2764274000.0,437051000.0,207854000.0,-1160618000.0,1462567000.0,-140671000.0,-73693000.0,107491000.0,520619000.0,1891774000.0,2022-12-31,2023-03-16,10-K,5.309591082922444,2.1026826522462883,-0.0428236170858533,-0.6855736759356598,-0.0961808929095214,,,,,,,,,Mid,0.06977304892427241,-0.3533198798256138,-0.022433911850401216,0.1883384208656595,0.4452403776926676,0.0733,Distress,1,1,0,0,1,3,Medium
BIG,Big Lots,Consumer Discretionary,2024.0,2024-09-09,manual,1,1,3325309000.0,,1086023000.0,831019000.0,2750748000.0,,-481876000.0,-387357000.0,44758000.0,284495000.0,406271000.0,2024-02-03,2024-04-18,10-K,,1.30685700326948,-0.1449116458049462,-8.654475177621878,,,,,,,,,,Mid,0.07668580574015828,0.8272157564905999,-0.11648752040787788,,,,Unknown,0,0,0,0,1,1,Low
CONNQ,Conn's Inc,Consumer Discretionary,2024.0,2024-07-23,manual,1,1,2444042000.0,1946544000.0,1204096000.0,466523000.0,463316000.0,1237683000.0,-76893000.0,-125278000.0,81707000.0,435252000.0,571166000.0,2024-01-31,2024-04-18,10-K,4.4722229880620885,2.5810002936618344,-0.0314614069643647,-1.5332590842889835,-0.0621265703738356,,,,,,,,,Mid,0.30178409372670356,0.1895695736816307,-0.051258529927063444,0.2236024461815402,0.5064082368469937,1.099,Distress,1,1,0,0,1,3,Medium
LLFLQ,LL Flooring Holdings,Consumer Discretionary,2024.0,2024-08-11,manual,1,1,535574000.0,378264000.0,288193000.0,187222000.0,74048000.0,,-103494000.0,-80786000.0,,157310000.0,,2023-12-31,2024-03-01,10-K,2.404576949971394,1.5393116193609726,-0.1932394029583213,,,,,,,,,,,Small,0.18852856934802661,0.1382591387931453,-0.15084003331005613,0.4158735697819512,,,Unknown,0,0,0,0,0,0,Low
JOANQ,JOANN Inc,Consumer Discretionary,2024.0,2024-03-18,manual,1,1,2180800000.0,,642900000.0,501000000.0,-239200000.0,,-200600000.0,-208600000.0,64000000.0,-49100000.0,982800000.0,2023-01-28,2023-04-04,10-K,,1.2832335329341318,-0.0919845928099779,-3.259375,,,,,,,,,,Mid,0.06506786500366837,-0.10968451944240645,-0.0956529713866471,,,,Unknown,0,0,0,0,1,1,Low
EVA,Enviva Inc,Energy,2024.0,2024-03-12,manual,1,1,2551440000.0,2264684000.0,370339000.0,457683000.0,-168307000.0,,-168307000.0,-95487000.0,71585000.0,334511000.0,0.0,2022-12-31,2023-03-01,10-K,6.770133119688142,0.8091604888099405,-0.0659654939955476,-1.3338967660822798,,,,,,,,,,Mid,-0.034233217320415135,-0.06596549399554762,-0.037424748377386886,0.1477075830446985,,,Unknown,1,0,1,0,1,3,Medium
ISUNQ,iSun Inc,Industrials,2024.0,2024-06-03,manual,1,1,66701000.0,53581000.0,31477000.0,35354000.0,-74202000.0,95683000.0,-19417000.0,-12694000.0,1694000.0,13120000.0,10385000.0,2023-12-31,2024-04-16,10-K,4.083917682926829,0.8903377269898739,-0.2911050808833451,-7.493506493506493,-0.2029305101219652,,,,,,,,,Small,-0.05812506559122052,-1.1124570846014303,-0.19031198932549737,0.24486291782534853,1.4345062292919146,-0.6738,Distress,1,1,1,0,1,4,High
CRGEQ,Charge Enterprises,Communication Services,2024.0,2024-04-24,manual,1,1,168454000.0,127632000.0,116509000.0,123898000.0,-173586000.0,697833000.0,-30349000.0,-47962000.0,11905000.0,24250000.0,,2022-12-31,2023-03-15,10-K,5.263175257731959,0.940362233450096,-0.180161943319838,-4.028727425451491,-0.0434903479772381,,,,,,,,,Small,-0.04386360668194284,-1.0304652902275993,-0.28471867690882974,0.18999937319794408,4.142573046647749,1.8217,Grey,1,1,1,0,1,4,High
IDICQ,PARTS iD,Consumer Discretionary,2024.0,2024-02-05,manual,1,1,25908706.0,53403886.0,11407102.0,53017020.0,-38606537.0,340596365.0,-17923880.0,-15609081.0,240282.0,-27495180.0,6700000.0,2022-12-31,2023-04-17,10-K,-1.9422999231137967,0.2151592450877095,-0.6918091548068823,-64.96150772841911,-0.0526249891128462,,,,,,,,,Small,-1.6060206943565611,-1.4900990037866035,-0.6024647081949982,-0.5148535445529189,13.146019913151973,6.8356,Safe,0,1,1,0,1,3,Medium
AAPL,Apple Inc,Technology,,,manual,0,0,359241000000.0,285508000000.0,147957000000.0,165631000000.0,-14264000000.0,265595000000.0,112010000000.0,133050000000.0,3933000000.0,73733000000.0,90678000000.0,2025-09-27,2025-10-31,10-K,3.872187487285205,0.8932929222186667,0.3117962593356549,33.82913806254767,0.42173233682863,3974331367424.0,270.71,1.109,34.31052,288.62,193.25,buy,14681140000.0,Large,-0.04919817058743295,-0.03970593556971504,0.37036418448896424,13.920210177732322,0.7393226274283837,10.199,Safe,1,0,1,0,0,2,Medium
MSFT,Microsoft Corp,Technology,,,manual,0,0,619003000000.0,275524000000.0,191131000000.0,141218000000.0,237731000000.0,62484000000.0,101832000000.0,128528000000.0,2935000000.0,343479000000.0,43151000000.0,2025-06-30,2025-07-30,10-K,0.8021567548525529,1.3534464445042416,0.1645097035070912,43.791482112436114,1.6297292106779335,3190348316672.0,429.25,1.107,26.595417,555.45,356.28,strong_buy,7425629076.0,Large,0.08063450419464849,0.38405468147973437,0.2076371196908577,11.579202961164908,0.10094296796622956,8.3681,Safe,0,0,0,1,0,1,Low
GOOGL,Alphabet Inc,Technology,,,manual,0,0,595281000000.0,180016000000.0,206038000000.0,102745000000.0,324055000000.0,402836000000.0,132170000000.0,129039000000.0,308000000.0,415265000000.0,49085000000.0,2025-12-31,2026-02-05,10-K,0.4334966828410774,2.005333592875566,0.2220295961067126,418.9577922077922,0.3280987796522654,4231443775488.0,349.78,1.128,32.357075,353.18,147.84,strong_buy,5823665113.0,Large,0.17351973269766716,0.5443731615825131,0.2167698952259521,23.505931558794774,0.6767157023321759,16.466,Safe,0,0,0,0,0,0,Low
AMZN,Amazon.com,Consumer Discretionary,,,manual,0,0,818042000000.0,,229083000000.0,218005000000.0,250536000000.0,,77670000000.0,79975000000.0,3182000000.0,411065000000.0,68836000000.0,2025-12-31,2026-02-06,10-K,,1.0508153482718283,0.094946225254938,25.133563796354498,,2792879292416.0,259.7,1.383,36.220364,264.5,178.85,strong_buy,10754251799.0,Large,0.013542091970827903,0.3062630036110615,0.09776392899142097,,,,Unknown,0,0,0,0,0,0,Low
JPM,JPMorgan Chase,Financials,,,manual,0,0,4424900000000.0,4062462000000.0,,,416055000000.0,182447000000.0,57048000000.0,,81321000000.0,362438000000.0,267889000000.0,2025-12-31,2026-02-13,10-K,11.208708799849903,,0.0128924947456439,,0.31268258727192,834530312192.0,311.45,1.043,14.901915,337.25,238.43,buy,2679500000.0,Large,,0.09402585369160885,,0.205424767589703,0.04123189224615246,,Unknown,1,0,0,1,0,2,Medium
JNJ,Johnson & Johnson,Healthcare,,,manual,0,0,199210000000.0,117666000000.0,55624000000.0,54126000000.0,168978000000.0,,26804000000.0,21590000000.0,772000000.0,,41438000000.0,2025-12-28,2026-02-11,10-K,,1.027676163027011,0.1345514783394407,27.96632124352332,,548339908608.0,227.79,0.329,26.395132,251.71,146.12,buy,2407216971.0,Large,0.007519702826163345,0.8482405501731841,0.10837809346920335,4.660138940798531,,,Unknown,0,0,0,0,0,0,Low
XOM,ExxonMobil,Energy,,,manual,0,0,448980000000.0,182354000000.0,83382000000.0,72330000000.0,482494000000.0,332238000000.0,28844000000.0,,603000000.0,259386000000.0,,2025-12-31,2026-02-18,10-K,0.703021751366689,1.152799668187474,0.0642433961423671,,0.0868172815872958,625811587072.0,150.56,0.288,22.471642,176.41,101.19,buy,4156559415.0,Large,0.024615795803821998,1.0746447503229541,,3.43185006674929,0.7399839636509421,,Unknown,0,0,0,0,0,0,Low
WMT,Walmart,Consumer Staples,,,manual,0,0,284668000000.0,,84874000000.0,107469000000.0,104774000000.0,713163000000.0,21893000000.0,29825000000.0,,99617000000.0,38166000000.0,2026-01-31,2026-03-13,10-K,,0.7897533242144247,0.0769071339244312,,0.030698451826581,1017018646528.0,127.59,0.661,46.736263,134.69,91.89,strong_buy,7970990515.0,Large,-0.07937316452850338,0.36805682408981694,0.10477117203198111,,2.5052447061137886,,Unknown,0,0,1,0,0,1,Low
VZ,Verizon Communications,Telecom,,,manual,0,0,404258000000.0,,56922000000.0,62370000000.0,94744000000.0,138191000000.0,17174000000.0,29259000000.0,5524000000.0,,93144000000.0,2025-12-31,2026-02-17,10-K,,0.9126503126503126,0.0424827709037297,5.29670528602462,0.1242772684183485,197274238976.0,47.24,0.27,11.521952,51.68,38.39,buy,4176000000.0,Large,-0.013476542208193778,0.23436518263089412,0.07237704634169267,,0.34183862780699453,,Unknown,0,0,1,0,0,1,Low
GE,General Electric,Industrials,,,manual,0,0,500216000000.0,409818000000.0,,,55077000000.0,42725000000.0,7234000000.0,8118000000.0,8397000000.0,87499000000.0,,2014-12-31,2015-02-27,10-K,4.683687813575013,,0.0144617525229101,0.9667738478027867,0.1693153891164423,302164738048.0,289.2,1.428,35.925465,348.48,196.86,strong_buy,1043337235.0,Large,,0.11010643402050314,0.016228989076718856,0.7373144616585899,0.08541310154013466,,Unknown,1,0,0,1,1,3,Medium
BA,Boeing Co,Industrials,,,manual,0,0,168235000000.0,162778000000.0,128459000000.0,108115000000.0,17252000000.0,89463000000.0,2235000000.0,4281000000.0,,5454000000.0,53848000000.0,2025-12-31,2026-01-30,10-K,29.84561789512285,1.1881700041622347,0.0132849882604689,,0.0249823949565742,181877112832.0,230.72,1.128,90.83465,254.35,176.77,buy,788302331.0,Large,0.12092608553511457,0.10254703242488186,0.025446547983475495,1.1173322735996265,0.5317740065979136,1.5748,Distress,1,0,0,0,0,1,Low
T,AT&T,Telecom,,,manual,0,0,420198000000.0,279032000000.0,48732000000.0,53780000000.0,15768000000.0,125648000000.0,21953000000.0,24162000000.0,6704000000.0,,134718000000.0,2025-12-31,2026-02-09,10-K,,0.906136110078096,0.052244418107654,3.6041169451073984,0.1747182605373742,181073707008.0,26.06,0.539,8.572369,29.79,22.95,buy,6948338835.0,Large,-0.012013384166511978,0.03752516670712378,0.05750146359573344,0.6489352726855702,0.2990209377483948,0.9163,Distress,0,0,1,1,0,2,Medium
CVS,CVS Health,Consumer Staples,,,manual,0,0,253538000000.0,178156000000.0,74714000000.0,88692000000.0,61196000000.0,402067000000.0,1768000000.0,4660000000.0,2658000000.0,75214000000.0,73429000000.0,2025-12-31,2026-02-10,10-K,2.368654771718031,0.8423984124836513,0.0069733136650127,1.7531978931527463,0.0043972770707369,103784325120.0,80.98,0.505,58.258995,85.15,58.35,strong_buy,1281604403.0,Large,-0.055131775118522665,0.2413681578303844,0.018379887827465705,0.5825474590808056,1.585825398954003,2.2678,Grey,0,0,1,0,0,1,Low
MRK,Merck & Co,Healthcare,,,manual,0,0,136866000000.0,,43516000000.0,28327000000.0,73075000000.0,65011000000.0,18254000000.0,,1146000000.0,52606000000.0,,2025-12-31,2026-02-24,10-K,,1.5362022099057435,0.1333713266991071,,0.2807832520650351,271760818176.0,110.03,0.275,15.114011,125.14,73.31,buy,2469879206.0,Large,0.11097716014203673,0.5339163853696316,,,0.4749974427542268,,Unknown,0,0,0,0,0,0,Low
CHTR,Charter Communications,Communication Services,,,s&p500_auto_control,0,0,154213000000.0,,5144000000.0,13306000000.0,-5393000000.0,54774000000.0,4987000000.0,12908000000.0,846000000.0,16054000000.0,94756000000.0,2025-12-31,2026-01-30,10-K,,0.3865925146550428,0.0323383891111644,15.257683215130024,0.091046847044218,24439388160.0,173.11,1.026,4.6837125,437.06,170.77,hold,141178369.0,Large,-0.05292679605480731,-0.0349711113849027,0.0837024115995409,,0.355184063600345,,Unknown,0,0,1,0,0,1,Low
CMCSA,Comcast,Communication Services,,,s&p500_auto_control,0,0,272631000000.0,,29567000000.0,33524000000.0,66675000000.0,121572000000.0,19998000000.0,20672000000.0,4087000000.0,96903000000.0,,2025-12-31,2026-02-03,10-K,,0.8819651592888677,0.073351893218306,5.057988744800587,0.1644951140065146,98736398336.0,27.64,0.79,5.4196076,34.358013,24.133083,hold,3562784182.0,Large,-0.014514123485590414,0.2445613301495428,0.07582409924036518,,0.445921410257821,,Unknown,0,0,1,0,0,1,Low
DIS,Walt Disney Company (The),Communication Services,,,s&p500_auto_control,0,0,197514000000.0,,24267000000.0,34162000000.0,60410000000.0,94425000000.0,12404000000.0,17551000000.0,-1812000000.0,109869000000.0,42026000000.0,2025-09-27,2025-11-13,10-K,,0.7103506820443768,0.0628006116022155,-9.68598233995585,0.1313635160180037,179756122112.0,101.47,1.441,14.944036,124.69,88.56,buy,1771519851.0,Large,-0.050097714592383324,0.3058517370920542,0.08885952388185141,,0.4780673775023543,,Unknown,0,0,1,0,1,2,Medium
EA,Electronic Arts,Communication Services,,,s&p500_auto_control,0,0,12368000000.0,5982000000.0,3276000000.0,3459000000.0,6470000000.0,7463000000.0,1121000000.0,1520000000.0,58000000.0,6386000000.0,,2025-03-31,2025-05-13,10-K,0.9367366113373004,0.9470945359930616,0.090637128072445,26.20689655172414,0.1502076912769663,50683883520.0,202.53,0.725,75.85393,204.89,141.19,hold,250253713.0,Large,-0.014796248382923673,0.523124191461837,0.12289780077619664,8.472732116349047,0.6034120310478654,6.8072,Safe,0,0,1,0,0,1,Low
FOX,Fox Corporation (Class B),Communication Services,,,s&p500_auto_control,0,0,23195000000.0,,8429000000.0,2897000000.0,4479000000.0,14913000000.0,,,349000000.0,11962000000.0,6602000000.0,2025-06-30,2025-08-06,10-K,,2.9095616154642734,,,,24068911104.0,56.58,0.505,13.568345,68.175,44.35,none,224702222.0,Large,0.2384996766544514,0.19310196162966156,,,0.6429402888553568,,Unknown,0,0,0,0,0,0,Low
FOXA,Fox Corporation (Class A),Communication Services,,,s&p500_auto_control,0,0,23195000000.0,,8429000000.0,2897000000.0,4479000000.0,14913000000.0,,,349000000.0,11962000000.0,6602000000.0,2025-06-30,2025-08-06,10-K,,2.9095616154642734,,,,26863761408.0,63.15,0.505,15.143885,76.39,47.66,buy,200693856.0,Large,0.2384996766544514,0.19310196162966156,,,0.6429402888553568,,Unknown,0,0,0,0,0,0,Low
LYV,Live Nation Entertainment,Communication Services,,,s&p500_auto_control,0,0,22912533000.0,,10974392000.0,11028850000.0,-1041978000.0,25201406000.0,495972000.0,1251217000.0,316033000.0,271007000.0,1715688000.0,2025-12-31,2026-02-19,10-K,,0.9950622231692334,0.0216463190691312,3.959134014485829,0.0196803305339392,36385566720.0,154.75,1.147,,175.25,125.34,buy,235124811.0,Large,-0.0023767778097690028,-0.04547633384750608,0.05460841016573768,,1.0998961136248009,,Unknown,0,0,1,0,0,1,Low
META,Meta Platforms,Communication Services,,,s&p500_auto_control,0,0,366021000000.0,148778000000.0,108722000000.0,41836000000.0,121179000000.0,40653000000.0,60458000000.0,83276000000.0,446000000.0,217243000000.0,58744000000.0,2025-12-31,2026-01-29,10-K,0.6848460019425252,2.5987666124868536,0.1651763150201764,186.71748878923768,1.487171918431604,1704145190912.0,671.34,1.309,28.567661,796.25,520.26,strong_buy,2196045588.0,Large,0.18273814890402462,0.33107116804773495,0.22751700039068798,11.454282158061003,0.11106739777225896,8.4172,Safe,0,0,0,1,0,1,Low
NFLX,Netflix,Communication Services,,,s&p500_auto_control,0,0,55596993000.0,28981505000.0,13020191000.0,10980930000.0,42282118000.0,45183036000.0,10981201000.0,13326603000.0,699826000.0,26615488000.0,21857087000.0,2025-12-31,2026-01-23,10-K,1.0888962471775832,1.185709316059751,0.1975142972210745,19.042737766244752,0.2430381393583202,388530372608.0,92.27,1.669,29.764517,134.115,75.01,buy,4210798528.0,Large,0.036679339834080595,0.7605108787088539,0.23970006795151674,13.40614894250661,0.8126884847890964,10.7561,Safe,0,0,0,0,0,0,Low
NWS,News Corp (Class B),Communication Services,,,s&p500_auto_control,0,0,15504000000.0,,4811000000.0,2608000000.0,-747000000.0,8452000000.0,1180000000.0,,,8774000000.0,1962000000.0,2025-06-30,2025-08-06,10-K,,1.8447085889570551,0.076109391124871,,0.1396119261713204,16516175872.0,30.14,0.924,39.142857,35.58,25.49,buy,182720362.0,Large,0.14209236326109392,-0.04818111455108359,,,0.5451496388028896,,Unknown,0,0,0,0,0,0,Low
ABNB,Airbnb,Consumer Discretionary,,,s&p500_auto_control,0,0,22208000000.0,14009000000.0,18797000000.0,13649000000.0,-5502000000.0,,2511000000.0,2544000000.0,,8199000000.0,2000000000.0,2025-12-31,2026-02-12,10-K,1.70862300280522,1.3771704886804894,0.1130673631123919,,,82662785024.0,139.04,1.16,34.501236,147.25,110.81,buy,418897799.0,Large,0.23180835734870317,-0.2477485590778098,0.11455331412103746,5.90069134299379,,,Unknown,0,0,0,0,0,0,Low
APTV,Aptiv,Consumer Discretionary,,,s&p500_auto_control,0,0,23413000000.0,13914000000.0,8745000000.0,5037000000.0,6227000000.0,20398000000.0,165000000.0,1184000000.0,361000000.0,9207000000.0,7653000000.0,2025-12-31,2026-02-06,10-K,1.5112414467253177,1.7361524717093508,0.0070473668474778,3.2797783933518008,0.0080890283361113,14847756288.0,59.12,1.511,78.82667,88.93,55.01,buy,213141325.0,Large,0.15837355315423055,0.2659633536923931,0.050570196044932306,1.067109119448038,0.8712253876051766,2.2408,Grey,0,0,0,0,0,0,Low
AZO,AutoZone,Consumer Discretionary,,,s&p500_auto_control,0,0,19355324000.0,,8341379000.0,9519397000.0,-3975852000.0,18938717000.0,2498247000.0,3610156000.0,320121000.0,-3414313000.0,4343800000.0,2025-08-30,2025-10-27,10-K,,0.8762507751278784,0.1290728587131892,11.277473205444192,0.1319121564570609,59032641536.0,3563.09,0.406,24.93764,4388.11,3210.72,buy,16476820.0,Large,-0.06086273730163339,-0.2054138695895765,0.18652004998727997,,0.978475844682321,,Unknown,0,0,1,0,0,1,Low
BBY,Best Buy,Consumer Discretionary,,,s&p500_auto_control,0,0,14670000000.0,,8504000000.0,7679000000.0,2610000000.0,41691000000.0,1069000000.0,1389000000.0,47000000.0,2964000000.0,1154000000.0,2026-01-31,2026-03-18,10-K,,1.1074358640447974,0.072869802317655,29.5531914893617,0.0256410256410256,12385619968.0,59.11,1.374,11.728175,84.99,58.56,hold,209112577.0,Large,0.05623721881390593,0.17791411042944785,0.09468302658486707,,2.841922290388548,,Unknown,0,0,0,0,0,0,Low
BKNG,Booking Holdings,Consumer Discretionary,,,s&p500_auto_control,0,0,29264000000.0,34842000000.0,22264000000.0,16698000000.0,40670000000.0,26917000000.0,288663000.0,8825000000.0,897000000.0,-5578000000.0,18736000000.0,2025-12-31,2026-02-18,10-K,-6.246324847615633,1.3333333333333333,0.0098640992345544,9.83835005574136,0.0107241891741278,134919667712.0,173.38,1.198,26.190334,233.5764,150.618,buy,778173152.0,Large,0.19019956260251503,1.3897621651175505,0.30156506287588847,3.8723284458986282,0.9197990705303445,6.4123,Safe,0,0,0,0,0,0,Low
CCL,Carnival,Consumer Discretionary,,,s&p500_auto_control,0,0,51687000000.0,,4219000000.0,13092000000.0,4817000000.0,18881000000.0,2760000000.0,4483000000.0,2066000000.0,12284000000.0,27383000000.0,2025-11-30,2026-01-27,10-K,,0.3222578673999389,0.0533983400081258,2.169893514036786,0.1461786981621736,36429168640.0,26.3,2.482,11.585903,34.03,17.33,buy,1239000212.0,Large,-0.1716679242362683,0.09319558109389209,0.08673360806392323,,0.3652949484396463,,Unknown,0,0,1,0,0,1,Low
CMG,Chipotle Mexican Grill,Consumer Discretionary,,,s&p500_auto_control,0,0,8994531000.0,6163924000.0,1466953000.0,1188142000.0,619908000.0,11925601000.0,1535761000.0,1935798000.0,,2830607000.0,0.0,2025-12-31,2026-02-04,10-K,2.177597949839027,1.2346613451927464,0.170743866467301,,0.1287784992974358,42810642432.0,32.87,1.064,28.833332,58.42,29.75,buy,1302423000.0,Mid,0.03099783635188983,0.06892054738596154,0.21521944835144824,6.945355334037214,1.3258724662797872,6.337,Safe,0,0,0,0,0,0,Low
CVNA,Carvana,Consumer Discretionary,,,s&p500_auto_control,0,0,13201000000.0,8998000000.0,6549000000.0,1519000000.0,-9000000.0,,1407000000.0,1881000000.0,632000000.0,3441000000.0,4918000000.0,2025-12-31,2026-02-18,10-K,2.6149375181633245,4.311389071757735,0.1065828346337398,2.9762658227848102,,58115530752.0,406.42,3.614,48.097046,486.89,229.4,buy,142993769.0,Large,0.3810317400196955,-0.0006817665328384214,0.14248920536323006,6.458716464992221,,,Unknown,0,0,0,0,0,0,Low
DASH,DoorDash,Consumer Discretionary,,,s&p500_auto_control,0,0,19659000000.0,9613000000.0,8643000000.0,6147000000.0,-4320000000.0,,935000000.0,723000000.0,2000000.0,10033000000.0,,2025-12-31,2026-02-18,10-K,0.9581381441243896,1.4060517325524646,0.0475609135764789,361.5,,74935312384.0,171.97,1.925,80.73708,285.5,143.3,buy,411364274.0,Large,0.12696474896993742,-0.2197466809095071,0.036777048679993894,7.7952056989493395,,,Unknown,0,0,0,0,0,0,Low
DECK,Deckers Brands,Consumer Discretionary,,,s&p500_auto_control,0,0,3570252000.0,,2860475000.0,769941000.0,2307699000.0,,966091000.0,1179092000.0,,2513013000.0,,2025-03-31,2025-05-23,10-K,,3.715187267595829,0.2705946246931589,,,15072247808.0,106.18,1.211,15.082386,133.43,78.91,buy,141949971.0,Mid,0.5855424210952056,0.6463686596912487,0.33025455906193735,,,,Unknown,0,0,0,0,0,0,Low
ADM,Archer Daniels Midland,Consumer Staples,,,s&p500_auto_control,0,0,52389000000.0,,26665000000.0,19534000000.0,21983000000.0,80269000000.0,1078000000.0,,612000000.0,,7612000000.0,2025-12-31,2026-02-17,10-K,,1.3650558001433395,0.0205768386493347,,0.0134298421557512,35081965568.0,72.8,0.636,32.64574,74.19,46.81,hold,481895100.0,Large,0.1361163603046441,0.41961098703926397,,,1.5321727843631296,,Unknown,0,0,0,0,0,0,Low
BF-B,Brown–Forman,Consumer Staples,,,s&p500_auto_control,0,0,8086000000.0,4093000000.0,4195000000.0,1080000000.0,4710000000.0,,869000000.0,1107000000.0,122000000.0,3993000000.0,2421000000.0,2025-04-30,2025-06-13,10-K,1.0250438266967192,3.884259259259259,0.1074697007172891,9.07377049180328,,12719851520.0,27.73,0.421,16.122093,36.18,22.61,hold,290262390.0,Mid,0.3852337373237695,0.5824882512985406,0.1369032896364086,3.107708653799169,,,Unknown,0,0,0,0,0,0,Low
BG,Bunge Global,Consumer Staples,,,s&p500_auto_control,0,0,44528000000.0,,24391000000.0,15127000000.0,13152000000.0,70329000000.0,816000000.0,,628000000.0,15904000000.0,10168000000.0,2025-12-31,2026-02-19,10-K,,1.6124148872876314,0.0183255479698167,,0.0116026105873821,24489883648.0,126.36,0.696,25.630833,131.93,71.6,buy,193810410.0,Large,0.2080488681279195,0.29536471433704636,,,1.5794331656485807,,Unknown,0,0,0,0,0,0,Low
CAG,Conagra Brands,Consumer Staples,,,s&p500_auto_control,0,0,20933900000.0,12001200000.0,3071000000.0,4317000000.0,6759100000.0,1500000000.0,1152400000.0,1364600000.0,297800000.0,8932700000.0,7260000000.0,2025-05-25,2025-07-10,10-K,1.3435131595150402,0.7113736391012278,0.0550494652214828,4.58226997985225,0.7682666666666667,6827298304.0,14.27,0.033,,24.8,14.04,hold,478437156.0,Large,-0.05952068176498407,0.3228782023416564,0.06518613349638624,0.5688846368696464,0.07165411127405787,1.0087,Distress,0,0,1,1,0,2,Medium
CASY,Casey's,Consumer Staples,,,s&p500_auto_control,0,0,8208118000.0,4699448000.0,1012853000.0,1101693000.0,3459065000.0,15940899000.0,546520000.0,,83951000.0,3508670000.0,2405375000.0,2025-04-30,2025-06-23,10-K,1.3393815890351617,0.919360475195903,0.0665828634529864,,0.0342841391818617,29083084800.0,784.61,0.605,45.040756,806.49,430.0,buy,36959030.0,Mid,-0.010823431144630231,0.421419989332512,,6.188617216319874,1.9420894046601183,,Unknown,0,0,1,0,0,1,Low
CHD,Church & Dwight,Consumer Staples,,,s&p500_auto_control,0,0,8912400000.0,4910200000.0,1597000000.0,1497700000.0,6768200000.0,,736800000.0,1077600000.0,95200000.0,4002200000.0,2205100000.0,2025-12-31,2026-02-12,10-K,1.2268752186297536,1.066301662549242,0.0826713343207216,11.319327731092438,,22995834880.0,97.08,0.473,32.145695,106.04,81.33,buy,236875094.0,Mid,0.011141779991921367,0.7594138503657825,0.12091019254072977,4.683278660747017,,,Unknown,0,0,0,0,0,0,Low
CL,Colgate-Palmolive,Consumer Staples,,,s&p500_auto_control,0,0,16330000000.0,15965000000.0,5709000000.0,6853000000.0,26595000000.0,15454000000.0,2132000000.0,3306000000.0,,54000000.0,7839000000.0,2025-12-31,2026-02-23,10-K,295.64814814814815,0.8330658105939005,0.1305572565829761,,0.1379578102756568,68733198336.0,85.67,0.331,32.574142,99.33,74.55,buy,802301915.0,Large,-0.07005511328842622,1.6285976729944887,0.20244947948560932,4.305242614218603,0.9463563992651561,6.3936,Safe,1,0,1,0,0,2,Medium
CLX,Clorox,Consumer Staples,,,s&p500_auto_control,0,0,5561000000.0,5079000000.0,1608000000.0,1919000000.0,432000000.0,6124000000.0,810000000.0,,88000000.0,321000000.0,2484000000.0,2025-06-30,2025-08-08,10-K,15.822429906542055,0.8379364252214695,0.1456572558892285,,0.1322664924885695,11680086016.0,96.6,0.645,15.810146,142.38,95.71,hold,120911863.0,Mid,-0.055925193310555656,0.07768386980758857,,2.2996822240598545,1.101240784031649,,Unknown,1,0,1,0,0,2,Medium
COST,Costco,Consumer Staples,,,s&p500_auto_control,0,0,77099000000.0,47935000000.0,38380000000.0,37108000000.0,22650000000.0,275235000000.0,8099000000.0,10383000000.0,154000000.0,29164000000.0,7531000000.0,2025-08-31,2025-10-08,10-K,1.6436359895761898,1.0342783227336425,0.1050467580643069,67.42207792207792,0.0294257634385161,440990629888.0,994.0,0.978,51.824818,1067.08,844.06,buy,443652540.0,Large,0.01649826846003191,0.293778129418021,0.13467100740606233,9.199762801460311,3.569890660060442,9.9652,Safe,0,0,0,0,0,0,Low
CPB,Campbell's Company (The),Consumer Staples,,,s&p500_auto_control,0,0,14896000000.0,10992000000.0,2232000000.0,2906000000.0,4694000000.0,10253000000.0,602000000.0,1124000000.0,345000000.0,3902000000.0,8595000000.0,2025-08-03,2025-09-18,10-K,2.8170169144028705,0.7680660701995871,0.0404135338345864,3.2579710144927536,0.0587145225787574,6123929088.0,20.54,0.025,11.163044,36.65,19.76,hold,298146488.0,Large,-0.04524704618689581,0.3151181525241676,0.07545649838882922,0.5571260087336245,0.6883055853920516,1.6585,Distress,0,0,1,0,0,1,Low
APA,APA Corporation,Energy,,,s&p500_auto_control,0,0,17761000000.0,,2121000000.0,2571000000.0,-721000000.0,,1434000000.0,3087000000.0,,6093000000.0,,2025-12-31,2026-02-26,10-K,,0.8249708284714119,0.080738697145431,,,13658927104.0,38.65,0.484,9.686717,45.66,15.2,hold,353400414.0,Large,-0.02533641123810596,-0.04059456111705422,0.17380778109340692,,,,Unknown,0,0,1,0,0,1,Low
BKR,Baker Hughes,Energy,,,s&p500_auto_control,0,0,40881000000.0,,18828000000.0,13877000000.0,-3252000000.0,,2588000000.0,3081000000.0,,18834000000.0,,2025-12-31,2026-02-05,10-K,,1.356777401455646,0.0633056921308187,,,67133284352.0,67.67,0.898,21.619806,70.41,34.56,buy,992068697.0,Large,0.12110760499987769,-0.0795479562633008,0.0753650840243634,,,,Unknown,0,0,0,0,0,0,Low
COP,ConocoPhillips,Energy,,,s&p500_auto_control,0,0,121939000000.0,57452000000.0,15532000000.0,11972000000.0,68864000000.0,58944000000.0,7988000000.0,,,64487000000.0,16147000000.0,2025-12-31,2026-02-17,10-K,0.8909082450726503,1.297360507851654,0.0655081639180245,,0.1355184581976113,151527800832.0,124.32,0.192,19.577953,135.87,84.28,buy,1218853041.0,Large,0.02919492533151822,0.5647413870869861,,2.637467813687948,0.4833892356014073,,Unknown,0,0,0,0,0,0,Low
CTRA,Coterra,Energy,,,s&p500_auto_control,0,0,24241000000.0,9395000000.0,1849000000.0,1557000000.0,6894000000.0,7645000000.0,1717000000.0,2452000000.0,73000000.0,14838000000.0,3818000000.0,2025-12-31,2026-02-27,10-K,0.6331715864671789,1.1875401412973667,0.070830411286663,33.58904109589041,0.2245912361020274,26296520704.0,34.63,0.27,15.459822,36.88,22.33,buy,759356619.0,Large,0.012045707685326514,0.2843942081597294,0.1011509426178788,2.798991027567855,0.31537477826822324,2.7412,Grey,0,0,0,1,0,1,Low
CVX,Chevron Corporation,Energy,,,s&p500_auto_control,0,0,324012000000.0,131836000000.0,38552000000.0,33387000000.0,205365000000.0,189031000000.0,12299000000.0,,,186450000000.0,25676000000.0,2025-12-31,2026-02-24,10-K,0.7070850093858944,1.1547009315002843,0.0379584706739256,,0.0650634022990938,375194058752.0,188.36,0.587,28.410255,214.71,133.77,buy,1991898801.0,Large,0.0159407676258904,0.6338191178104514,,2.8459150668406203,0.5834074046640247,,Unknown,0,0,0,0,0,0,Low
DVN,Devon Energy,Energy,,,s&p500_auto_control,0,0,31599000000.0,,4006000000.0,4086000000.0,10200000000.0,17188000000.0,2642000000.0,-2895000000.0,536000000.0,15528000000.0,8389000000.0,2025-12-31,2026-02-18,10-K,,0.9804209495839452,0.083610240830406,-5.401119402985074,0.1537118920176867,30748866560.0,49.48,0.526,11.865707,52.71,29.7,strong_buy,621440299.0,Large,-0.002531725687521757,0.32279502515902403,-0.09161682331719358,,0.5439412639640495,,Unknown,0,0,1,0,1,2,Medium
EOG,EOG Resources,Energy,,,s&p500_auto_control,0,0,51799000000.0,,7656000000.0,4691000000.0,29765000000.0,22632000000.0,4980000000.0,6385000000.0,235000000.0,29833000000.0,,2025-12-31,2026-02-24,10-K,,1.6320613941590278,0.0961408521400027,27.170212765957448,0.2200424178154825,72739487744.0,135.78,0.333,14.888158,151.87,101.59,buy,535715814.0,Large,0.05724048726809398,0.574624992760478,0.1232649278943609,,0.4369196316531207,,Unknown,0,0,0,0,0,0,Low
EQT,EQT Corporation,Energy,,,s&p500_auto_control,0,0,41792874000.0,14432726000.0,1895151000.0,2484841000.0,4237089000.0,8644211000.0,2039247000.0,3249619000.0,219660000.0,23752677000.0,7800328000.0,2025-12-31,2026-02-18,10-K,0.6076252373574565,0.7626850168682825,0.0487941317460005,14.793858690703814,0.2359089800098586,37165903872.0,59.42,0.693,11.275142,68.24,48.47,buy,625478000.0,Large,-0.014109821688740526,0.10138304917723534,0.077755336950505,2.5751132441646853,0.20683456706040365,2.1335,Grey,0,0,1,1,0,2,Medium
FANG,Diamondback Energy,Energy,,,s&p500_auto_control,0,0,71059000000.0,28092000000.0,1915000000.0,4600000000.0,4740000000.0,15026000000.0,1664000000.0,1266000000.0,244000000.0,36972000000.0,13726000000.0,2025-12-31,2026-02-25,10-K,0.7598182408308991,0.4163043478260869,0.0234171603878467,5.188524590163935,0.1107413816052176,56279228416.0,200.06,0.488,34.975525,204.91,127.75,buy,281311730.0,Large,-0.03778550218832238,0.06670513235480376,0.017816180920080495,2.0033898766908727,0.21145808412727451,1.5203,Distress,0,0,1,1,0,2,Medium
HAL,Halliburton,Energy,,,s&p500_auto_control,0,0,25010000000.0,14505000000.0,11398000000.0,5588000000.0,15036000000.0,17973000000.0,1283000000.0,2260000000.0,-297000000.0,10461000000.0,7158000000.0,2025-12-31,2026-02-06,10-K,1.386578720963579,2.039727988546886,0.0512994802079168,-7.609427609427609,0.0713848550603683,34092582912.0,40.81,0.693,22.546963,41.18,19.22,buy,835397735.0,Large,0.23230707716913235,0.6011995201919232,0.09036385445821671,2.3504021311271974,0.7186325469812075,3.5475,Safe,0,0,0,0,1,1,Low
ACGL,Arch Capital Group,Financials,,,s&p500_auto_control,0,0,79241000000.0,55035000000.0,,,27045000000.0,19929000000.0,4399000000.0,,148000000.0,24206000000.0,,2025-12-31,2026-02-26,10-K,2.2736098487978187,,0.0555141908860312,,0.2207336042952481,34579841024.0,97.06,0.384,8.367241,103.39,82.45,buy,356272841.0,Large,,0.3413005893413763,,0.6283245393658581,0.2514985929001401,,Unknown,0,0,0,1,0,1,Low
AFL,Aflac,Financials,,,s&p500_auto_control,0,0,116470000000.0,86980000000.0,,,54682000000.0,17164000000.0,3646000000.0,4157000000.0,195000000.0,29490000000.0,,2025-12-31,2026-02-25,10-K,2.949474398101051,,0.031304198506053,21.317948717948717,0.21242134700536,59910709248.0,116.29,0.652,16.804913,119.32,96.95,hold,515183672.0,Large,,0.4694942903752039,0.035691594401991926,0.6887871838123707,0.14736842105263157,,Unknown,0,0,0,1,0,1,Low
AIG,American International Group,Financials,,,s&p500_auto_control,0,0,161254000000.0,120092000000.0,,,37186000000.0,26775000000.0,3096000000.0,,396000000.0,41139000000.0,9191000000.0,2025-12-31,2026-02-12,10-K,2.919176450570019,,0.0191995237327446,,0.1156302521008403,39665721344.0,74.16,0.601,13.657459,87.46,71.25,buy,534866770.0,Large,,0.23060513227578852,,0.3302944521200413,0.1660423927468466,,Unknown,0,0,0,1,0,1,Low
AIZ,Assurant,Financials,,,s&p500_auto_control,0,0,36289600000.0,30418000000.0,,,4826300000.0,12814300000.0,872700000.0,,108000000.0,5871600000.0,2006900000.0,2025-12-31,2026-02-19,10-K,5.180530008856189,,0.0240482121599576,,0.0681036030060167,11719858176.0,235.4,0.56,13.904311,246.31,183.39,none,49786997.0,Large,,0.13299402583660333,,0.38529351620750873,0.35311218641153386,,Unknown,1,0,0,0,0,1,Low
AJG,Arthur J. Gallagher & Co.,Financials,,,s&p500_auto_control,0,0,70665000000.0,47318000000.0,34356000000.0,32519000000.0,5806000000.0,1721400000.0,1494000000.0,,639000000.0,23321000000.0,12873000000.0,2025-12-31,2026-02-17,10-K,2.0289867501393593,1.056490051969618,0.0211420080662279,,0.8678982223771349,54870282240.0,213.42,0.683,37.181187,351.23,195.0,buy,256888062.0,Large,0.0259958961296257,0.08216231514894219,,1.1596069622553784,0.02436000849076629,,Unknown,0,0,0,1,0,1,Low
ALL,Allstate,Financials,,,s&p500_auto_control,0,0,119758000000.0,89169000000.0,,,62393000000.0,67685000000.0,10282000000.0,,379000000.0,30610000000.0,7490000000.0,2025-12-31,2026-02-20,10-K,2.913067624959164,,0.0858564772290786,,0.1519095811479648,55880388608.0,216.4,0.224,5.685759,219.48,188.08,buy,258227312.0,Large,,0.520992334541325,,0.626679547914634,0.5651814492559996,,Unknown,0,0,0,0,0,0,Low
AMP,Ameriprise Financial,Financials,,,s&p500_auto_control,0,0,190904000000.0,184355000000.0,,,27662000000.0,18911000000.0,3563000000.0,,,6549000000.0,2249000000.0,2025-12-31,2026-03-12,10-K/A,28.150099251794167,,0.0186638310354942,,0.1884088625667601,42829037568.0,475.35,1.266,11.848206,550.18,422.37,buy,90100000.0,Large,,0.1449000544776432,,0.2323182857421822,0.09906026065456984,,Unknown,1,0,0,1,0,2,Medium
AON,Aon plc,Financials,,,s&p500_auto_control,0,0,50784000000.0,41236000000.0,25774000000.0,23226000000.0,-245000000.0,10770000000.0,3695000000.0,4344000000.0,484000000.0,9352000000.0,15249000000.0,2025-12-31,2026-02-13,10-K,4.4093242087254065,1.109704641350211,0.0727591367359798,8.975206611570249,0.3430826369545032,69140373504.0,321.68,0.825,18.900116,381.0,304.59,buy,214254496.0,Large,0.050173282923755516,-0.004824354127284184,0.08553875236294896,1.6766993283538656,0.21207466918714557,1.5538,Distress,1,0,0,1,0,2,Medium
APO,Apollo Global Management,Financials,,,s&p500_auto_control,0,0,460949000000.0,418434000000.0,,,7634000000.0,32049000000.0,3492000000.0,,,23341000000.0,13364000000.0,2025-12-31,2026-02-25,10-K,17.926995415791954,,0.0075756754000984,,0.1089581578208368,71240458240.0,123.57,1.56,22.305054,157.28,99.56,buy,576519062.0,Large,,0.016561485110066408,,0.1702549463953694,0.06952829922616167,,Unknown,1,0,0,1,0,2,Medium
ARES,Ares Management,Financials,,,s&p500_auto_control,0,0,28633369000.0,19931981000.0,,,-1452259000.0,4755618000.0,527362000.0,,71356000.0,4275463000.0,,2025-12-31,2026-02-25,10-K,4.661946787985301,,0.0184177419010665,,0.1108924223938928,25485287424.0,113.01,1.536,66.08772,195.26,95.8,buy,222023639.0,Large,,-0.050719110280037255,,1.2786128696389987,0.16608656843698694,,Unknown,1,0,0,1,0,2,Medium
A,Agilent Technologies,Health Care,,,s&p500_auto_control,0,0,12727000000.0,5986000000.0,4594000000.0,2347000000.0,1389000000.0,4472000000.0,1303000000.0,1479000000.0,112000000.0,6741000000.0,3050000000.0,2025-10-31,2025-12-22,10-K,0.8879988132324581,1.957392415850021,0.1023807653021136,13.205357142857142,0.2913685152057245,32462526464.0,114.87,1.303,25.357615,160.27,104.1,buy,282602317.0,Large,0.17655378329535634,0.10913805295827768,0.11620963306356565,5.423074918810558,0.35137895812053116,4.3534,Safe,0,0,0,0,0,0,Low
ABBV,AbbVie,Health Care,,,s&p500_auto_control,0,0,133960000000.0,,29062000000.0,43289000000.0,-15493000000.0,61160000000.0,4226000000.0,15075000000.0,2893000000.0,-3270000000.0,64503000000.0,2025-12-31,2026-02-20,10-K,,0.6713483794959458,0.0315467303672738,5.210853784998272,0.0690974493132766,349666639872.0,197.69,0.364,83.413506,244.81,176.57,buy,1768762377.0,Large,-0.10620334428187518,-0.11565392654523739,0.11253359211704987,,0.4565541952821738,,Unknown,0,0,1,0,0,1,Low
ABT,Abbott Laboratories,Health Care,,,s&p500_auto_control,0,0,86713000000.0,,25996000000.0,16496000000.0,49781000000.0,,6524000000.0,8053000000.0,637000000.0,52130000000.0,12929000000.0,2025-12-31,2026-02-20,10-K,,1.5758971871968963,0.0752367003794125,12.642072213500786,,163098918912.0,93.86,0.782,26.291317,139.06,90.72,buy,1737674869.0,Large,0.10955681385720711,0.5740892369079608,0.09286958126232514,,,,Unknown,0,0,0,0,0,0,Low
ALGN,Align Technology,Health Care,,,s&p500_auto_control,0,0,6233693000.0,2184546000.0,2616562000.0,1920015000.0,2464157000.0,387126000.0,410351000.0,545755000.0,51000.0,4049147000.0,,2025-12-31,2026-02-27,10-K,0.5395077037213023,1.3627820615984771,0.0658279129241687,10701.078431372547,1.0599933871659355,12696309760.0,177.28,1.811,31.321556,208.31,122.0,buy,71617275.0,Mid,0.11173906061783921,0.3952964959936269,0.08754922643768309,5.811875675769702,0.06210219207137727,4.5256,Safe,0,0,0,1,0,1,Low
AMGN,Amgen,Health Care,,,s&p500_auto_control,0,0,90586000000.0,,29057000000.0,25489000000.0,-25107000000.0,25424000000.0,7711000000.0,9080000000.0,,8658000000.0,54604000000.0,2025-12-31,2026-02-13,10-K,,1.1399819529993331,0.0851235290221447,,0.3032960981749528,183051206656.0,339.57,0.465,23.862967,391.29,261.43,hold,539067675.0,Large,0.03938798489832866,-0.2771620338683682,0.10023623959552248,,0.28066147086746296,,Unknown,0,0,0,1,0,1,Low
BAX,Baxter International,Health Care,,,s&p500_auto_control,0,0,20055000000.0,13953000000.0,6872000000.0,2970000000.0,13705000000.0,,-957000000.0,-308000000.0,290000000.0,6129000000.0,9438000000.0,2025-12-31,2026-02-12,10-K,2.276554087126774,2.3138047138047138,-0.0477187733732236,-1.0620689655172413,,9261570048.0,17.94,0.617,,32.68,15.73,hold,516252514.0,Large,0.19456494639740712,0.6833707304911494,-0.015357766143106457,0.6637690853579875,,,Unknown,0,0,0,0,1,1,Low
BDX,Becton Dickinson,Health Care,,,s&p500_auto_control,0,0,55325000000.0,,9255000000.0,8313000000.0,16622000000.0,21840000000.0,1678000000.0,2579000000.0,613000000.0,25390000000.0,,2025-09-30,2025-11-25,10-K,,1.113316492241068,0.0303298689561681,4.207177814029364,0.0768315018315018,42533453824.0,149.52,0.352,24.431374,187.35,127.58648,buy,284466650.0,Large,0.017026660641662902,0.3004428377767736,0.04661545413465883,,0.3947582467239042,,Unknown,0,0,0,0,0,0,Low
BIIB,Biogen,Health Care,,,s&p500_auto_control,0,0,29439500000.0,11182700000.0,8974100000.0,3349400000.0,20552700000.0,9890600000.0,1292900000.0,2840700000.0,267500000.0,14799400000.0,6286800000.0,2025-12-31,2026-02-06,10-K,0.7556184710190954,2.67931569833403,0.0439171860935138,10.619439252336448,0.1307200776494853,26912579584.0,183.38,0.162,20.886106,202.41,115.25,buy,146758528.0,Large,0.1910596307681856,0.6981334601470813,0.09649280728273238,2.406626269505576,0.3359635863380832,3.305,Safe,0,0,0,0,0,0,Low
BMY,Bristol Myers Squibb,Health Care,,,s&p500_auto_control,0,0,90038000000.0,71533000000.0,29390000000.0,23417000000.0,16896000000.0,48194000000.0,7054000000.0,,1166000000.0,18473000000.0,44827000000.0,2025-12-31,2026-02-11,10-K,3.872300113679424,1.2550711021907162,0.0783446989049068,,0.1463667676474249,118951501824.0,58.26,0.273,16.693409,62.89,42.52,hold,2041735455.0,Large,0.06633865701148405,0.18765410160154603,,1.6628898805306642,0.5352628890024212,,Unknown,1,0,0,0,0,1,Low
BSX,Boston Scientific,Health Care,,,s&p500_auto_control,0,0,43673000000.0,,8794000000.0,5439000000.0,5571000000.0,9076000000.0,,3613000000.0,349000000.0,24233000000.0,3815000000.0,2025-12-31,2026-02-17,10-K,,1.616841331127045,,10.35243553008596,,86866935808.0,58.45,0.782,24.456066,109.5,58.02,strong_buy,1486175167.0,Large,0.07682091910333616,0.1275616513635427,0.08272845923110389,,0.20781718682023217,,Unknown,0,0,0,1,0,1,Low
ADP,Automatic Data Processing,Industrials,,,s&p500_auto_control,0,0,53369300000.0,47181300000.0,43252200000.0,41278300000.0,25240600000.0,20560900000.0,4079700000.0,,455900000.0,6188000000.0,37000000.0,2025-06-30,2025-08-06,10-K,7.624644473173885,1.0478193142643957,0.0764428238706522,,0.1984203026132124,80194674688.0,199.17,0.856,19.114202,329.93,188.16,hold,402644364.0,Large,0.03698568278017512,0.4729423095300107,,1.6997131212577865,0.385257067265263,,Unknown,1,0,0,0,0,1,Low
ALLE,Allegion,Industrials,,,s&p500_auto_control,0,0,5223700000.0,3156100000.0,1391800000.0,755400000.0,2238100000.0,2408200000.0,643800000.0,859500000.0,101000000.0,1318300000.0,1980100000.0,2025-12-31,2026-02-17,10-K,2.3940681180307974,1.842467566851999,0.1232459750751383,8.509900990099009,0.2673365999501702,11847117824.0,137.86,1.03,18.833332,183.11,134.67,buy,85935861.0,Mid,0.12182935467197581,0.4284510978808124,0.1645385454754293,3.7537206755172523,0.4610142236345885,4.0023,Safe,0,0,0,0,0,0,Low
AME,Ametek,Industrials,,,s&p500_auto_control,0,0,16067543000.0,5438757000.0,3019842000.0,2842752000.0,12252480000.0,,1480142000.0,1910317000.0,81795000.0,10628786000.0,2283309000.0,2025-12-31,2026-02-17,10-K,0.5117006777631989,1.062295268809942,0.0921199961935686,23.35493612078978,,52444528640.0,228.95,1.041,35.71763,242.05,163.2,buy,229065429.0,Large,0.011021598012838677,0.762560896834071,0.11889291349648169,9.642741648505348,,,Unknown,0,0,0,0,0,0,Low
AOS,A. O. Smith,Industrials,,,s&p500_auto_control,0,0,3142800000.0,1284800000.0,1291500000.0,862500000.0,3951800000.0,,546200000.0,728600000.0,13500000.0,1858000000.0,155000000.0,2025-12-31,2026-02-10,10-K,0.6914962325080732,1.4973913043478262,0.1737940689830724,53.97037037037037,,8834906112.0,63.91,1.346,16.6,81.87,62.14,buy,112376652.0,Mid,0.1365024818633066,1.2574137711594757,0.23183148784523355,6.876483586550436,,,Unknown,0,0,0,0,0,0,Low
AXON,Axon Enterprise,Industrials,,,s&p500_auto_control,0,0,7000313000.0,3757655000.0,3713052000.0,1470147000.0,936670000.0,,124656000.0,-62076000.0,,3242658000.0,1810722000.0,2025-12-31,2026-02-25,10-K,1.15881940062751,2.525633150970618,0.0178072037636031,,,32737290240.0,406.31,1.605,270.87332,885.92,339.01,buy,80572201.0,Mid,0.3204006735127415,0.13380401704895195,-0.008867603491443882,8.712159642117225,,,Unknown,0,0,0,0,0,0,Low
BLDR,Builders FirstSource,Industrials,,,s&p500_auto_control,0,0,11237530000.0,6885279000.0,2927283000.0,1574941000.0,153866000.0,,435199000.0,786276000.0,193174000.0,4352251000.0,383904000.0,2025-12-31,2026-02-17,10-K,1.5820041169500565,1.8586620070212152,0.0387272825967984,4.070299315642892,,9474254848.0,88.12,1.636,22.652956,151.03,76.5,buy,107515372.0,Large,0.12034156972217204,0.013692154770665797,0.06996875647940429,1.3760161132177795,,,Unknown,0,0,0,0,0,0,Low
BR,Broadridge Financial Solutions,Industrials,,,s&p500_auto_control,0,0,8545000000.0,5889900000.0,1817100000.0,1861200000.0,3862500000.0,4142600000.0,839500000.0,1188600000.0,,2655100000.0,3252300000.0,2025-06-30,2025-08-05,10-K,2.2183345260065535,0.9763056092843329,0.0982445874780573,,0.2026505093419591,18543198208.0,158.83,1.015,17.56969,271.91,150.1,buy,116748715.0,Mid,-0.00516091281451141,0.45201872440023405,0.1390988882387361,3.1483044207881288,0.4847981275599766,3.4594,Safe,0,0,1,0,0,1,Low
CARR,Carrier Global,Industrials,,,s&p500_auto_control,0,0,37190000000.0,23062000000.0,8533000000.0,7114000000.0,12193000000.0,,1484000000.0,2172000000.0,,,10227000000.0,2025-12-31,2026-02-05,10-K,,1.1994658420016868,0.0399031997848884,,,51796869120.0,62.0,1.319,36.68639,81.09,50.24,buy,835433325.0,Large,0.03815541812315138,0.32785695079322397,0.05840279645065878,2.245983397797242,,,Unknown,0,0,0,0,0,0,Low
CAT,Caterpillar Inc.,Industrials,,,s&p500_auto_control,0,0,98585000000.0,77267000000.0,52485000000.0,36558000000.0,65448000000.0,67589000000.0,2700000000.0,11151000000.0,,,,2025-12-31,2026-02-13,10-K,,1.4356638765796816,0.0273875336004463,,0.039947328707334,380544548864.0,817.87,1.519,44.04254,845.27,302.18,buy,465287332.0,Large,0.16155601764974387,0.6638738144748186,0.11311051376984328,4.925059195568613,0.6855911142668762,5.1372,Safe,0,0,0,0,0,0,Low
CHRW,C.H. Robinson,Industrials,,,s&p500_auto_control,0,0,5058381000.0,3212734000.0,2798543000.0,1831702000.0,6071118000.0,14869380000.0,587081000.0,794961000.0,,1845647000.0,1089438000.0,2025-12-31,2026-02-13,10-K,1.7407088137655793,1.527837497584214,0.1160610479914423,,0.0394825473557068,22295971840.0,187.96,0.935,38.915115,203.34,86.58,buy,117850413.0,Mid,0.19113645255270412,1.2002097113681236,0.15715720108864872,6.9398748355761795,2.939553189053968,9.5318,Safe,0,0,0,0,0,0,Low
ACN,Accenture,Information Technology,,,s&p500_auto_control,0,0,65394897000.0,,28900689000.0,20352097000.0,21018731000.0,69672977000.0,7678433000.0,10225664000.0,228555000.0,31195446000.0,,2025-08-31,2025-10-10,10-K,,1.4200349477501015,0.1174163941262878,44.7404957231301,0.1102067592145517,109393592320.0,177.75,1.236,14.581625,325.71,173.84,buy,613939268.0,Large,0.13072261586404824,0.3214124031726818,0.15636791965587163,,1.0654191717742134,,Unknown,0,0,0,0,0,0,Low
ADBE,Adobe Inc.,Information Technology,,,s&p500_auto_control,0,0,29496000000.0,17873000000.0,10163000000.0,10200000000.0,45354000000.0,23769000000.0,7130000000.0,8706000000.0,113000000.0,11623000000.0,6210000000.0,2025-11-28,2026-01-15,10-K,1.537726920760561,0.9963725490196078,0.2417276918904258,77.04424778761062,0.2999705498758888,98301435904.0,243.2,1.518,14.16424,422.95,224.13,buy,404200000.0,Large,-0.0012544073772714943,1.5376322213181448,0.2951586655817738,5.499996413808538,0.8058380797396257,7.231,Safe,0,0,1,0,0,1,Low
ADI,Analog Devices,Information Technology,,,s&p500_auto_control,0,0,47992712000.0,,7108061000.0,3245801000.0,10539541000.0,6200942000.0,2267342000.0,2932496000.0,264641000.0,33815755000.0,,2025-11-01,2025-11-25,10-K,,2.1899250755052453,0.0472434647994053,11.081034306853436,0.365644768165869,187109130240.0,383.26,1.053,70.19414,408.37,186.73,buy,488204157.0,Large,0.08047596893461657,0.21960711451355364,0.06110294413035046,,0.12920590943058188,,Unknown,0,0,0,1,0,1,Low
ADSK,Autodesk,Information Technology,,,s&p500_auto_control,0,0,12467000000.0,,4942000000.0,5808000000.0,-1432000000.0,,1124000000.0,1578000000.0,80000000.0,3045000000.0,2500000000.0,2026-01-31,2026-03-03,10-K,,0.8508953168044077,0.0901580171653164,19.725,,49553350656.0,234.85,1.433,44.818707,329.09,214.1,strong_buy,211000000.0,Large,-0.06946338333199648,-0.11486323895083018,0.12657415577123607,,,,Unknown,0,0,1,0,0,1,Low
AKAM,Akamai Technologies,Information Technology,,,s&p500_auto_control,0,0,11479643000.0,6502272000.0,2286680000.0,967518000.0,3424929000.0,2502996000.0,452031000.0,566944000.0,17709000.0,4977371000.0,,2025-12-31,2026-02-20,10-K,1.3063667546582325,2.3634495688969093,0.0393767471688797,32.01445592636512,0.180595973785016,14049495040.0,95.43,0.594,31.084692,121.12,69.78,buy,147223048.0,Large,0.11491315540039007,0.29834804096259787,0.04938690166584449,2.1607055256993246,0.21803779089645905,2.233,Grey,0,0,0,1,0,1,Low
AMAT,Applied Materials,Information Technology,,,s&p500_auto_control,0,0,36299000000.0,15884000000.0,20881000000.0,7999000000.0,55227000000.0,14608000000.0,6998000000.0,8289000000.0,238000000.0,20415000000.0,5448000000.0,2025-10-26,2025-12-12,10-K,0.7780553514572618,2.6104513064133017,0.1927876801013802,34.82773109243698,0.479052573932092,302452637696.0,381.11,1.637,39.048153,420.5,144.71,buy,793609867.0,Large,0.3548858095264332,1.5214468718146505,0.22835339816523872,19.041339567867038,0.40243532879693655,15.1367,Safe,0,0,0,0,0,0,Low
AMD,Advanced Micro Devices,Information Technology,,,s&p500_auto_control,0,0,76926000000.0,,26947000000.0,9455000000.0,6699000000.0,,4335000000.0,3694000000.0,131000000.0,62999000000.0,1000000.0,2025-12-27,2026-02-04,10-K,,2.850026441036489,0.0563528585913735,28.198473282442748,,526965080064.0,323.21,1.963,123.362595,352.99,91.87,buy,1630338779.0,Large,0.22738735928034734,0.08708369081974884,0.048020175233341136,,,,Unknown,0,0,0,0,0,0,Low
ANET,Arista Networks,Information Technology,,,s&p500_auto_control,0,0,19448600000.0,7078100000.0,16387000000.0,5376500000.0,9446600000.0,,3511400000.0,3856100000.0,2701000.0,12370500000.0,,2025-12-31,2026-02-17,10-K,0.5721757406733762,3.0478936110852786,0.1805477000915233,1427.6564235468345,,208128098304.0,165.29,1.475,60.324814,179.8,77.72,strong_buy,1259169438.0,Large,0.5661332949415382,0.4857213372684923,0.19827134086772313,29.40451509642418,,,Unknown,0,0,0,0,0,0,Low
APH,Amphenol,Information Technology,,,s&p500_auto_control,0,0,36236900000.0,22727200000.0,20267200000.0,6802800000.0,9854300000.0,,4270300000.0,5868600000.0,139500000.0,13413100000.0,3542600000.0,2025-12-31,2026-02-11,10-K,1.694403232660608,2.979243840771447,0.117843965681391,42.06881720430108,,176693772288.0,143.72,1.26,43.15916,167.04,74.31,buy,1229430709.0,Large,0.3715660004029042,0.27194103248346296,0.16195093951193396,7.77455085923475,,,Unknown,0,0,0,0,0,0,Low
APP,AppLovin,Information Technology,,,s&p500_auto_control,0,0,7259610000.0,5124939000.0,4430792000.0,1333788000.0,1735097000.0,5480717000.0,3333751000.0,4151914000.0,,2134671000.0,3512987000.0,2025-12-31,2026-02-19,10-K,2.400809773496712,3.3219612112269714,0.459219021407486,,0.6082691370490394,150991241216.0,449.03,2.502,44.635185,745.61,246.0,strong_buy,306053394.0,Mid,0.42660748993403225,0.23900691634950086,0.5719197036755418,29.46205627345028,0.7549602526857503,21.1661,Safe,0,0,0,0,0,0,Low
ALB,Albemarle Corporation,Materials,,,s&p500_auto_control,0,0,16374211000.0,,4008139000.0,1798044000.0,4613676000.0,5142733000.0,-510628000.0,-367084000.0,,9533365000.0,3193541000.0,2025-12-31,2026-02-11,10-K,,2.2291662495467297,-0.0311848919010509,,-0.099291174556408,22033057792.0,186.9,1.433,,215.71,53.7,buy,117886887.0,Large,0.13497413707445202,0.28176478243745606,-0.022418423702980254,,0.3140751636826959,,Unknown,0,1,0,1,0,2,Medium
AMCR,Amcor,Materials,,,s&p500_auto_control,0,0,37066000000.0,25326000000.0,8434000000.0,6987000000.0,548000000.0,5082000000.0,511000000.0,1009000000.0,396000000.0,11728000000.0,5314400000.0,2025-06-30,2025-08-15,10-K,2.1594474761255116,1.207098897953342,0.0137862191766038,2.547979797979798,0.1005509641873278,17807241216.0,38.54,0.708,28.977444,50.94,37.95,buy,462045690.0,Large,0.0390384719149625,0.01478443856903901,0.027221712620730587,0.7031209514333097,0.13710678249608807,0.7164,Distress,0,0,0,1,0,1,Low
APD,Air Products,Materials,,,s&p500_auto_control,0,0,41059500000.0,23709700000.0,5825800000.0,4218600000.0,17558600000.0,12037300000.0,-394500000.0,-877000000.0,177500000.0,15024900000.0,5289400000.0,2025-09-30,2025-11-20,10-K,1.5780271416115914,1.380979471862703,-0.0096080078909874,-4.940845070422535,-0.032773130187002,67542700032.0,303.35,0.808,,307.29,229.11,buy,222656008.0,Large,0.03914319463218013,0.4276379400625921,-0.021359246946504463,2.8487370161579437,0.2931672329180823,2.5776,Grey,0,1,0,1,1,3,Medium
AVY,Avery Dennison,Materials,,,s&p500_auto_control,0,0,8801700000.0,,2990300000.0,2653600000.0,5597500000.0,,688000000.0,,119000000.0,2242100000.0,3199000000.0,2025-12-31,2026-02-25,10-K,,1.126884232740428,0.0781667177931536,,,12805916672.0,166.49,1.003,18.770012,199.54,156.23,buy,76917031.0,Mid,0.038253973664178514,0.6359566901848507,,,,,Unknown,0,0,0,0,0,0,Low
BALL,Ball Corporation,Materials,,,s&p500_auto_control,0,0,19524000000.0,14103000000.0,6113000000.0,5487000000.0,12219000000.0,,444000000.0,1273000000.0,259700000.0,5421000000.0,7791000000.0,2025-12-31,2026-02-19,10-K,2.6015495296070834,1.1140878439948971,0.0227412415488629,4.90180978051598,,16349782016.0,61.43,1.142,18.615152,68.29,44.83,buy,266153058.0,Large,0.03206310182339685,0.6258451137062078,0.06520180290923991,1.1593123460256682,,,Unknown,0,0,0,0,0,0,Low
CF,CF Industries,Materials,,,s&p500_auto_control,0,0,14088000000.0,,2985000000.0,887000000.0,3874000000.0,7084000000.0,1539200000.0,2300000000.0,155000000.0,4838000000.0,3215000000.0,2025-12-31,2026-02-25,10-K,,3.3652762119503947,0.1092561044860874,14.838709677419354,0.2172783738001129,18788825088.0,122.31,0.516,13.620268,141.96,75.42,hold,153616434.0,Large,0.14892106757524134,0.2749858035207269,0.163259511641113,,0.502839295854628,,Unknown,0,0,0,0,0,0,Low
CRH,CRH plc,Materials,,,s&p500_auto_control,0,0,58329000000.0,32851000000.0,15254000000.0,8754000000.0,25593000000.0,,3753000000.0,5440000000.0,376000000.0,24004000000.0,17533000000.0,2025-12-31,2026-02-18,10-K,1.368563572737877,1.7425177061914554,0.0643419225428174,14.46808510638298,,76468846592.0,114.44,1.241,20.807274,131.55,86.83,strong_buy,668200316.0,Large,0.11143684959454131,0.43876973718047624,0.09326407104527765,2.3277479100179597,,,Unknown,0,0,0,0,0,0,Low
CTVA,Corteva,Materials,,,s&p500_auto_control,0,0,42845000000.0,,17335000000.0,12125000000.0,-67000000.0,17401000000.0,1094000000.0,,,24144000000.0,,2025-12-31,2026-02-12,10-K,,1.4296907216494843,0.025533901272027,,0.0628699500028734,52996882432.0,78.94,0.68,45.108574,85.63,60.535,buy,671356502.0,Large,0.12160112031742328,-0.0015637764033142724,,,0.4061384058816665,,Unknown,0,0,0,0,0,0,Low
DD,DuPont,Materials,,,s&p500_auto_control,0,0,21575000000.0,7472000000.0,5575000000.0,2305000000.0,-24278000000.0,20397000000.0,-779000000.0,,,13919000000.0,7859000000.0,2025-12-31,2026-02-17,10-K,0.5368201738630649,2.418655097613883,-0.0361066048667439,,-0.0381918909643575,18579732480.0,45.33,1.122,215.85716,52.66,26.757322,strong_buy,409877186.0,Large,0.1515643105446118,-1.1252838933951332,,2.4865808993576017,0.9453997682502897,,Unknown,0,1,0,0,0,1,Low
DOW,Dow Inc.,Materials,,,s&p500_auto_control,0,0,58538000000.0,,18062000000.0,9183000000.0,16781000000.0,39968000000.0,,,,16008000000.0,15060000000.0,2025-12-31,2026-02-03,10-K,,1.966895350103452,,,,27395381248.0,38.01,0.495,,42.74,20.402,buy,720741438.0,Large,0.15167925108476546,0.2866684888448529,,,0.6827701663876456,,Unknown,0,0,0,0,0,0,Low
AMT,American Tower,Real Estate,,,s&p500_auto_control,0,0,63190400000.0,52835100000.0,2741800000.0,6913800000.0,-5086000000.0,10644600000.0,1690600000.0,4845800000.0,1398200000.0,3652500000.0,38901800000.0,2025-12-31,2026-02-24,10-K,14.465462012320328,0.3965691804796205,0.0267540639084417,3.465741667858675,0.158822313661387,83200417792.0,178.4,0.93,33.037037,234.33,165.08,buy,466370068.0,Large,-0.06602268699042893,-0.0804869094039601,0.07668569909353319,1.5747186584675716,0.16845280295741125,1.1744,Distress,1,0,1,1,0,3,Medium
ARE,Alexandria Real Estate Equities,Real Estate,,,s&p500_auto_control,0,0,34081835000.0,14925399000.0,,,734000.0,,-1429570000.0,,226698000.0,15470070000.0,12400555000.0,2025-12-31,2026-01-26,10-K,0.9647919498748228,,-0.0419452180318342,,,7042229248.0,40.41,,,88.24,39.41,hold,174269480.0,Large,,2.1536399081798266e-05,,0.4718285419371368,,,Unknown,0,0,0,0,0,0,Low
AVB,AvalonBay Communities,Real Estate,,,s&p500_auto_control,0,0,22192137000.0,10357820000.0,,,371157000.0,3040725000.0,1081994000.0,2020949000.0,259181000.0,11611340000.0,9328552000.0,2025-12-31,2026-02-27,10-K,0.8920434678512558,,0.0487557372235039,7.797442713779174,0.3558342171686028,25721380864.0,183.5,0.763,22.738539,213.34,160.1,hold,140171002.0,Large,,0.01672470749437064,0.09106599332907868,2.483281314407858,0.1370181249331689,,Unknown,0,0,0,1,0,1,Low
BXP,"BXP, Inc.",Real Estate,,,s&p500_auto_control,0,0,26166164000.0,18473924000.0,,,-1674995000.0,3482279000.0,276800000.0,908110000.0,653138000.0,5147190000.0,3300000000.0,2025-12-31,2026-02-27,10-K,3.589128048508021,,0.010578547164957,1.3903799809534891,0.079488174267484,9387270144.0,59.16,1.047,34.0,79.33,49.72,buy,158675962.0,Large,,-0.06401377748759811,0.034705507463761213,0.5081362326704386,0.13308328266993968,,Unknown,1,0,0,1,1,3,Medium
CBRE,CBRE Group,Real Estate,,,s&p500_auto_control,0,0,30877000000.0,21251000000.0,13489000000.0,12320000000.0,9916000000.0,40550000000.0,1157000000.0,1753000000.0,107270000.0,8878000000.0,2574301000.0,2025-12-31,2026-02-12,10-K,2.393669745438162,1.0948863636363635,0.0374712569226284,16.341940896802463,0.0285326757090012,43023536128.0,146.93,1.348,33.54566,174.27,118.58,buy,292816579.0,Large,0.03785989571525731,0.3211451889756129,0.05677365028985976,2.0245417217072137,1.3132752534248793,3.2104,Safe,0,0,0,0,0,0,Low
CCI,Crown Castle,Real Estate,,,s&p500_auto_control,0,0,31518000000.0,33153000000.0,1144000000.0,4479000000.0,-20161000000.0,4264000000.0,444000000.0,2075000000.0,0.0,7089221000.0,24337000000.0,2025-12-31,2026-02-23,10-K,4.676536392362433,0.2554141549453003,0.0140871882733676,,0.1041275797373358,37601775616.0,86.17,0.964,36.35865,115.76,75.96,buy,436367346.0,Large,-0.10581255155783996,-0.6396662224760454,0.06583539564693192,1.1341892322263445,0.13528777206675552,0.0106,Distress,1,0,1,1,0,3,Medium
CPT,Camden Property Trust,Real Estate,,,s&p500_auto_control,0,0,9042989000.0,4604736000.0,,,,,384462000.0,,138239000.0,4362523000.0,3900800000.0,2025-12-31,2026-02-12,10-K,1.0555213118647169,,0.0425149250983275,,,11093679104.0,105.93,0.848,29.923729,121.33,96.53,buy,104726511.0,Mid,,,,2.4091889532863555,,,Unknown,0,0,0,0,0,0,Low
CSGP,CoStar Group,Real Estate,,,s&p500_auto_control,0,0,10538000000.0,2167000000.0,2119000000.0,746000000.0,2350000000.0,965230000.0,7000000.0,-72000000.0,2615000.0,8334000000.0,140000000.0,2025-12-31,2026-02-26,10-K,0.2600191984641228,2.8404825737265416,0.000664262668438,-27.53346080305927,0.0072521575168612,15240667136.0,35.96,0.92,1798.0,97.43,34.75,buy,419793301.0,Large,0.13029037768077434,0.2230024672613399,-0.006832416018219776,7.033072051684356,0.09159517935092047,4.7574,Safe,0,0,0,1,1,2,Medium
DLR,Digital Realty,Real Estate,,,s&p500_auto_control,0,0,49410468000.0,24564494000.0,,,-6690722000.0,6112692000.0,1308589000.0,658492000.0,437947000.0,22925663000.0,2940210000.0,2025-12-31,2026-02-13,10-K,1.0714845629546244,,0.0264840438265025,1.5035883337481477,0.2140773655862261,67893633024.0,194.58,1.091,51.612732,208.14,146.23,buy,348924000.0,Large,,-0.13541102261974122,0.01332697354738676,2.7638930003606017,0.12371248942632966,,Unknown,0,0,0,1,0,1,Low
DOC,Healthpeak Properties,Real Estate,,,s&p500_auto_control,0,0,20336018000.0,12033567000.0,,,,2822512000.0,71347000.0,,305178000.0,7500094000.0,9847894000.0,2025-12-31,2026-02-03,10-K,1.604455490824515,,0.0035084056278864,,0.0252778376141536,11158868992.0,16.05,1.079,160.49998,19.68,15.7,buy,695256660.0,Large,,,,0.9273118263271397,0.13879374024944313,,Unknown,0,0,0,1,0,1,Low
AEE,Ameren,Utilities,,,s&p500_auto_control,0,0,48476000000.0,,2571000000.0,3907000000.0,5292000000.0,8799000000.0,523000000.0,2026000000.0,776000000.0,13401000000.0,19431000000.0,2025-12-31,2026-02-18,10-K,,0.6580496544663424,0.0107888439640234,2.6108247422680413,0.0594385725650642,31040489472.0,112.2,0.533,20.971962,115.53,93.27,buy,276653219.0,Large,-0.02756002970542124,0.10916742305470749,0.04179387738262233,,0.18151250103143823,,Unknown,0,0,1,1,0,2,Medium
AEP,American Electric Power,Utilities,,,s&p500_auto_control,0,0,114460000000.0,82204000000.0,6052000000.0,13314000000.0,15441000000.0,21876000000.0,1480000000.0,5319000000.0,1806900000.0,31138000000.0,47322000000.0,2025-12-31,2026-02-12,10-K,2.6399897231678335,0.4545591107105303,0.0129302813209854,2.9437157562676406,0.0676540501005668,73701769216.0,135.59,0.57,20.358858,137.74,97.46,buy,543563480.0,Large,-0.06344574523851126,0.13490302289009262,0.04647038266643369,0.8965715684881514,0.19112353660667483,0.9951,Distress,0,0,1,1,0,2,Medium
AES,AES Corporation,Utilities,,,s&p500_auto_control,0,0,51768000000.0,,6502000000.0,8492000000.0,641000000.0,12233000000.0,910000000.0,,1407000000.0,4063000000.0,,2025-12-31,2026-03-02,10-K,,0.7656617993405558,0.0175784268273837,,0.0743889479277364,10325276672.0,14.48,1.008,11.053435,17.65,9.46,hold,713071623.0,Large,-0.03844073558955339,0.012382166589398856,,,0.23630428063668676,,Unknown,0,0,1,1,0,2,Medium
ATO,Atmos Energy,Utilities,,,s&p500_auto_control,0,0,28249522000.0,,1052695000.0,1362615000.0,4861612000.0,4702755000.0,1198754000.0,1559971000.0,137281000.0,13558890000.0,,2025-09-30,2025-11-14,10-K,,0.7725549770111146,0.042434487918061,11.363342341620472,0.254904625054888,30958589952.0,187.13,0.688,24.397654,192.51,149.98,hold,165438946.0,Large,-0.010970805098932293,0.17209537209160566,0.055221146750730865,,0.16647202030533473,,Unknown,0,0,1,1,0,2,Medium
AWK,American Water Works,Utilities,,,s&p500_auto_control,0,0,35442000000.0,,2191000000.0,4747000000.0,2575000000.0,3011328000.0,1111000000.0,1879000000.0,297818000.0,10837000000.0,9656000000.0,2025-12-31,2026-02-18,10-K,,0.4615546661049083,0.0313469894475481,6.309222411002693,0.3689402150811868,25907812352.0,132.67,0.734,23.316343,150.51,121.28,hold,195280114.0,Large,-0.07211782630777044,0.07265391343603635,0.053016195474296035,,0.08496495683087862,,Unknown,0,0,1,1,0,2,Medium
CEG,Constellation Energy,Utilities,,,s&p500_auto_control,0,0,57249000000.0,42396000000.0,12119000000.0,7944000000.0,5899000000.0,25533000000.0,2319000000.0,3086000000.0,431000000.0,14517000000.0,7403000000.0,2025-12-31,2026-02-24,10-K,2.9204381070469103,1.52555387713998,0.0405072577686946,7.1600928074245935,0.0908236399953002,110757093376.0,305.71,1.188,41.31216,412.7,216.75,buy,362294672.0,Large,0.0729270380268651,0.10304110115460532,0.05390487170081573,2.6124420552882346,0.445999056752083,2.4231,Grey,0,0,0,0,0,0,Low
CMS,CMS Energy,Utilities,,,s&p500_auto_control,0,0,39941000000.0,,3472000000.0,3548000000.0,2443000000.0,8539000000.0,1071000000.0,1727000000.0,643000000.0,9144000000.0,7642000000.0,2025-12-31,2026-02-10,10-K,,0.9785794813979708,0.0268145514634085,2.685847589424572,0.1254245227778428,23383103488.0,75.92,0.424,21.030472,80.36,67.71,buy,307996655.0,Large,-0.0019028066397936956,0.061165218697578926,0.04323877719636464,,0.2137903407526101,,Unknown,0,0,1,1,0,2,Medium
CNP,CenterPoint Energy,Utilities,,,s&p500_auto_control,0,0,46534000000.0,,5701000000.0,6260000000.0,2043000000.0,9357000000.0,1052000000.0,2110000000.0,,11153000000.0,20566000000.0,2025-12-31,2026-02-19,10-K,,0.910702875399361,0.0226071259724072,,0.1124291973923266,28214329344.0,43.13,0.532,26.460123,44.47,35.46,buy,654169480.0,Large,-0.012012721880775347,0.043903382473030474,0.04534318992564577,,0.20107878110628788,,Unknown,0,0,1,1,0,2,Medium
D,Dominion Energy,Utilities,,,s&p500_auto_control,0,0,115857000000.0,82440000000.0,8071000000.0,10444000000.0,2318000000.0,16506000000.0,2998000000.0,4414000000.0,,29083000000.0,46332000000.0,2025-12-31,2026-02-23,10-K,2.8346456692913384,0.7727882037533512,0.0258767273449165,,0.1816309220889373,55278092288.0,62.89,0.658,18.123919,67.57,52.53,hold,878964717.0,Large,-0.02048214609389161,0.02000742294380141,0.03809869062723875,0.6705251369238234,0.14246873300706905,0.6739,Distress,0,0,1,1,0,2,Medium
DTE,DTE Energy,Utilities,,,s&p500_auto_control,0,0,54066000000.0,,4348000000.0,5409000000.0,5484000000.0,12607000000.0,1462000000.0,2374000000.0,1056000000.0,12303000000.0,25306000000.0,2025-12-31,2026-02-17,10-K,,0.8038454427805509,0.0270410239337106,2.248106060606061,0.1159673197429999,30908817408.0,148.58,0.428,21.135136,154.63,126.23,buy,208028117.0,Large,-0.01962416305996375,0.10143158362001997,0.04390929604557393,,0.23317796766914511,,Unknown,0,0,1,1,0,2,Medium
NWSA,News Corp (Class A),Communication Services,,,s&p500_auto_control,0,0,15504000000.0,,4811000000.0,2608000000.0,-747000000.0,8452000000.0,1180000000.0,,,8774000000.0,1962000000.0,2025-06-30,2025-08-06,10-K,,1.8447085889570551,0.076109391124871,,0.1396119261713204,14335207424.0,26.16,0.924,33.974026,31.61,22.2,buy,365261597.0,Large,0.14209236326109392,-0.04818111455108359,,,0.5451496388028896,,Unknown,0,0,0,0,0,0,Low
OMC,Omnicom Group,Communication Services,,,s&p500_auto_control,0,0,54415300000.0,,27465400000.0,29538200000.0,10782400000.0,17271900000.0,-54500000.0,444700000.0,263400000.0,12045800000.0,9272900000.0,2025-12-31,2026-02-20,10-K,,0.9298264620051324,-0.0010015565475151,1.68830675778284,-0.0031554142856315,23858657280.0,76.88,0.751,,87.17,66.33,buy,284988976.0,Large,-0.03809222773741944,0.1981501526225161,0.00817233388403629,,0.31740889051424875,,Unknown,0,1,1,1,0,3,Medium
PSKY,Paramount Skydance Corporation,Communication Services,,,s&p500_auto_control,0,0,43342000000.0,,13320000000.0,10599000000.0,-1753000000.0,,-586000000.0,-95000000.0,,11693000000.0,,2025-12-31,2026-02-25,10-K,,1.2567223322954997,-0.0135203728485072,,,11695516672.0,10.52,1.388,350.6667,20.86,8.62,hold,1080241022.0,Large,0.0627797517419593,-0.04044575700244567,-0.0021918693184440033,,,,Unknown,0,0,0,0,0,0,Low
SATS,EchoStar,Communication Services,,,s&p500_auto_control,0,0,43016355000.0,37204357000.0,5133171000.0,12363419000.0,-2878743000.0,,-14497180000.0,-17723146000.0,57170000.0,5765784000.0,1980000000.0,2025-12-31,2026-03-02,10-K,6.452610260807551,0.4151902479403149,-0.3370155374624372,-310.00780129438516,,35733946368.0,123.7,1.003,,137.44,14.9,buy,157527391.0,Large,-0.16808137277089144,-0.06692205790100068,-0.41200947872036114,0.9604774614973187,,,Unknown,1,0,1,0,1,3,Medium
TKO,TKO Group Holdings,Communication Services,,,s&p500_auto_control,0,0,15495821000.0,6245742000.0,2329061000.0,1847163000.0,-797314000.0,4735151000.0,195403000.0,835015000.0,202724000.0,3737381000.0,3762124000.0,2025-12-31,2026-02-25,10-K,1.671154747134424,1.2608854768095723,0.0126100449921304,4.118974566405556,0.0412664770352624,13837533184.0,184.58,0.406,82.03555,226.94,152.29,buy,74967673.0,Large,0.03109857812632193,-0.051453485426812814,0.053886463969866454,2.215514695291608,0.30557600013577857,1.778,Distress,0,0,0,1,0,1,Low
TMUS,T-Mobile US,Communication Services,,,s&p500_auto_control,0,0,219237000000.0,6830508000.0,24461000000.0,24500000000.0,21136000000.0,40604000000.0,10992000000.0,18279000000.0,835000000.0,59203000000.0,86282000000.0,2025-12-31,2026-02-11,10-K,0.1153743560292552,0.998408163265306,0.0501375224072579,21.891017964071857,0.270712245099005,202247880704.0,186.72,0.422,19.209877,261.56,181.36,buy,1083161329.0,Large,-0.0001778896810301181,0.09640708457057887,0.08337552511665458,29.609493276927573,0.18520596432171577,18.3608,Safe,0,0,1,1,0,2,Medium
TTD,Trade Desk (The),Communication Services,,,s&p500_auto_control,0,0,6153220000.0,3668829000.0,5261004000.0,3265997000.0,-590912000.0,,443304000.0,589321000.0,1550000.0,2484391000.0,,2025-12-31,2026-02-27,10-K,1.476751847837156,1.6108416511099062,0.0720442305004534,380.20709677419353,,11056947200.0,23.23,1.174,25.811111,91.45,19.74,buy,426989140.0,Mid,0.3242216270505524,-0.09603297135483535,0.0957744075459678,3.013753761758861,,,Unknown,0,0,0,0,0,0,Low
TTWO,Take-Two Interactive,Communication Services,,,s&p500_auto_control,0,0,9180700000.0,7043000000.0,2815900000.0,3615800000.0,-7058800000.0,,-4478900000.0,-4391100000.0,,2137700000.0,1733000000.0,2025-03-31,2025-05-20,10-K,3.2946624877204473,0.7787764810000554,-0.4878604028015293,,,39444221952.0,213.01,0.965,,264.79,187.63,strong_buy,185175456.0,Mid,-0.08712843247246942,-0.7688738331499777,-0.4782968618950625,5.600485865682238,,,Unknown,1,0,1,0,0,2,Medium
WBD,Warner Bros. Discovery,Communication Services,,,s&p500_auto_control,0,0,100085000000.0,62919000000.0,13206000000.0,12500000000.0,-11512000000.0,10553000000.0,727000000.0,738000000.0,2221000000.0,35919000000.0,32567000000.0,2025-12-31,2026-02-27,10-K,1.7516913054372338,1.05648,0.0072638257481141,0.3322827555155335,0.0688903629299725,67557408768.0,26.95,1.637,92.93104,30.0,8.06,hold,2506768389.0,Large,0.007054004096517959,-0.11502223110356197,0.007373732327521606,1.07372031926763,0.10544037568067142,0.6214,Distress,0,0,0,1,1,2,Medium
DHI,D. R. Horton,Consumer Discretionary,,,s&p500_auto_control,0,0,35471200000.0,10729000000.0,,,31041400000.0,34250400000.0,3585200000.0,,0.0,24190400000.0,,2025-09-30,2025-11-19,10-K,0.4435230504663007,,0.1010735469902343,,0.1046761497675939,44354686976.0,156.41,1.445,14.686386,184.55,114.17,hold,283579613.0,Large,,0.8751155867295157,,4.134093296299748,0.9655833464895465,,Unknown,0,0,0,0,0,0,Low
